date,model,is_sft,is_best,task,dataset_variant,num_samples,num_keypoints,oks_score,oks_confidence_weighted,f1_score,precision,recall,mae_total,mae_x,mae_y,euclidean_distance,pck_50,pck_100,pck_150,per_keypoint_accuracy,left_right_confusion,exact_match,error_detection_acc,accuracy,parse_rate,correct_count,timestamp,result_file,json_path
2026-02-03,mixed_balanced_v1-step315,True,False,task1,mixed_balanced_v1,994,25,0.007337,,0.952943,0.918195,0.999081,227.568361,111.860202,115.708158,,0.121348,0.334514,0.521692,,,,,,,,20260203_181252,mixed_mixed_balanced_v1-step315_test_20260203_181252,/mnt/data/sgsilva/vlm-evaluation/results/final/mixed_mixed_balanced_v1-step315_test_20260203_181252.json
2026-02-03,mixed_balanced_v1-step315,True,False,task2,mixed_balanced_v1,993,25,,,,,,,,,,,,,0.284606,,0.000000,,,,,20260203_181252,mixed_mixed_balanced_v1-step315_test_20260203_181252,/mnt/data/sgsilva/vlm-evaluation/results/final/mixed_mixed_balanced_v1-step315_test_20260203_181252.json
2026-02-03,mixed_balanced_v1-step315,True,False,task3b,mixed_balanced_v1,331,25,,,0.838076,0.840656,0.841203,,,,,,,,,,,0.996979,,,,20260203_181252,mixed_mixed_balanced_v1-step315_test_20260203_181252,/mnt/data/sgsilva/vlm-evaluation/results/final/mixed_mixed_balanced_v1-step315_test_20260203_181252.json
2026-02-03,mixed_balanced_v1-step315,True,False,task3c,mixed_balanced_v1,331,25,,,0.803980,0.804963,0.803194,,,,,,,,,,,1.000000,,,,20260203_181252,mixed_mixed_balanced_v1-step315_test_20260203_181252,/mnt/data/sgsilva/vlm-evaluation/results/final/mixed_mixed_balanced_v1-step315_test_20260203_181252.json
2026-02-03,mixed_balanced_v1-step315,True,False,task3d,mixed_balanced_v1,331,25,,,0.850505,0.851108,0.850151,,,,,,,,,,,1.000000,,,,20260203_181252,mixed_mixed_balanced_v1-step315_test_20260203_181252,/mnt/data/sgsilva/vlm-evaluation/results/final/mixed_mixed_balanced_v1-step315_test_20260203_181252.json
2026-02-03,mixed_balanced_v1-step315,True,False,task4,mixed_balanced_v1,993,,,,,,,,,,,,,,,,,,0.891239,,,20260203_181252,mixed_mixed_balanced_v1-step315_test_20260203_181252,/mnt/data/sgsilva/vlm-evaluation/results/final/mixed_mixed_balanced_v1-step315_test_20260203_181252.json
2026-02-04,mixed_balanced_v1-step630,True,False,task1,mixed_balanced_v1,994,25,0.000000,,,,,0.000000,0.000000,0.000000,,0.000000,0.000000,0.000000,,,,,,,,20260204_080845,mixed_mixed_balanced_v1-step630_test_20260204_080845,/mnt/data/sgsilva/vlm-evaluation/results/final/mixed_mixed_balanced_v1-step630_test_20260204_080845.json
2026-02-04,mixed_balanced_v1-step630,True,False,task2,mixed_balanced_v1,993,25,,,,,,,,,,,,,0.363350,,0.000000,,,,,20260204_080845,mixed_mixed_balanced_v1-step630_test_20260204_080845,/mnt/data/sgsilva/vlm-evaluation/results/final/mixed_mixed_balanced_v1-step630_test_20260204_080845.json
2026-02-04,mixed_balanced_v1-step630,True,False,task3b,mixed_balanced_v1,331,25,,,0.865675,0.863516,0.872874,,,,,,,,,,,1.000000,,,,20260204_080845,mixed_mixed_balanced_v1-step630_test_20260204_080845,/mnt/data/sgsilva/vlm-evaluation/results/final/mixed_mixed_balanced_v1-step630_test_20260204_080845.json
2026-02-04,mixed_balanced_v1-step630,True,False,task3c,mixed_balanced_v1,331,25,,,0.853557,0.853906,0.853259,,,,,,,,,,,1.000000,,,,20260204_080845,mixed_mixed_balanced_v1-step630_test_20260204_080845,/mnt/data/sgsilva/vlm-evaluation/results/final/mixed_mixed_balanced_v1-step630_test_20260204_080845.json
2026-02-04,mixed_balanced_v1-step630,True,False,task3d,mixed_balanced_v1,331,25,,,0.929870,0.937901,0.923867,,,,,,,,,,,1.000000,,,,20260204_080845,mixed_mixed_balanced_v1-step630_test_20260204_080845,/mnt/data/sgsilva/vlm-evaluation/results/final/mixed_mixed_balanced_v1-step630_test_20260204_080845.json
2026-02-04,mixed_balanced_v1-step630,True,False,task4,mixed_balanced_v1,993,,,,,,,,,,,,,,,,,,0.898288,,,20260204_080845,mixed_mixed_balanced_v1-step630_test_20260204_080845,/mnt/data/sgsilva/vlm-evaluation/results/final/mixed_mixed_balanced_v1-step630_test_20260204_080845.json
2026-02-04,mixed_balanced_v1-step945,True,False,task1,mixed_balanced_v1,994,25,0.009384,,0.964095,0.941538,0.994991,173.554800,88.874292,84.680508,,0.199138,0.494163,0.697104,,,,,,,,20260204_092530,mixed_mixed_balanced_v1-step945_test_20260204_092530,/mnt/data/sgsilva/vlm-evaluation/results/final/mixed_mixed_balanced_v1-step945_test_20260204_092530.json
2026-02-04,mixed_balanced_v1-step945,True,False,task2,mixed_balanced_v1,993,25,,,,,,,,,,,,,0.395997,,0.000000,,,,,20260204_092530,mixed_mixed_balanced_v1-step945_test_20260204_092530,/mnt/data/sgsilva/vlm-evaluation/results/final/mixed_mixed_balanced_v1-step945_test_20260204_092530.json
2026-02-04,mixed_balanced_v1-step945,True,False,task3b,mixed_balanced_v1,331,25,,,0.905806,0.910696,0.904431,,,,,,,,,,,1.000000,,,,20260204_092530,mixed_mixed_balanced_v1-step945_test_20260204_092530,/mnt/data/sgsilva/vlm-evaluation/results/final/mixed_mixed_balanced_v1-step945_test_20260204_092530.json
2026-02-04,mixed_balanced_v1-step945,True,False,task3c,mixed_balanced_v1,331,25,,,0.909266,0.909653,0.908934,,,,,,,,,,,1.000000,,,,20260204_092530,mixed_mixed_balanced_v1-step945_test_20260204_092530,/mnt/data/sgsilva/vlm-evaluation/results/final/mixed_mixed_balanced_v1-step945_test_20260204_092530.json
2026-02-04,mixed_balanced_v1-step945,True,True,task3d,mixed_balanced_v1,331,25,,,0.956697,0.956949,0.956495,,,,,,,,,,,1.000000,,,,20260204_092530,mixed_mixed_balanced_v1-step945_test_20260204_092530,/mnt/data/sgsilva/vlm-evaluation/results/final/mixed_mixed_balanced_v1-step945_test_20260204_092530.json
2026-02-04,mixed_balanced_v1-step945,True,False,task4,mixed_balanced_v1,993,,,,,,,,,,,,,,,,,,0.929507,,,20260204_092530,mixed_mixed_balanced_v1-step945_test_20260204_092530,/mnt/data/sgsilva/vlm-evaluation/results/final/mixed_mixed_balanced_v1-step945_test_20260204_092530.json
2026-02-04,mixed_balanced_v1-step1260,True,True,task1,mixed_balanced_v1,994,25,0.010090,,0.966916,0.945655,0.996461,179.602479,93.642209,85.960270,,0.198738,0.488748,0.685915,,,,,,,,20260204_104344,mixed_mixed_balanced_v1-step1260_test_20260204_104344,/mnt/data/sgsilva/vlm-evaluation/results/final/mixed_mixed_balanced_v1-step1260_test_20260204_104344.json
2026-02-04,mixed_balanced_v1-step1260,True,True,task2,mixed_balanced_v1,993,25,,,,,,,,,,,,,0.423023,,0.000000,,,,,20260204_104344,mixed_mixed_balanced_v1-step1260_test_20260204_104344,/mnt/data/sgsilva/vlm-evaluation/results/final/mixed_mixed_balanced_v1-step1260_test_20260204_104344.json
2026-02-04,mixed_balanced_v1-step1260,True,True,task3b,mixed_balanced_v1,331,25,,,0.910712,0.914279,0.910588,,,,,,,,,,,1.000000,,,,20260204_104344,mixed_mixed_balanced_v1-step1260_test_20260204_104344,/mnt/data/sgsilva/vlm-evaluation/results/final/mixed_mixed_balanced_v1-step1260_test_20260204_104344.json
2026-02-04,mixed_balanced_v1-step1260,True,True,task3c,mixed_balanced_v1,331,25,,,0.919724,0.919724,0.919724,,,,,,,,,,,1.000000,,,,20260204_104344,mixed_mixed_balanced_v1-step1260_test_20260204_104344,/mnt/data/sgsilva/vlm-evaluation/results/final/mixed_mixed_balanced_v1-step1260_test_20260204_104344.json
2026-02-04,mixed_balanced_v1-step1260,True,False,task3d,mixed_balanced_v1,331,25,,,0.953743,0.954079,0.953474,,,,,,,,,,,1.000000,,,,20260204_104344,mixed_mixed_balanced_v1-step1260_test_20260204_104344,/mnt/data/sgsilva/vlm-evaluation/results/final/mixed_mixed_balanced_v1-step1260_test_20260204_104344.json
2026-02-04,mixed_balanced_v1-step1260,True,True,task4,mixed_balanced_v1,993,,,,,,,,,,,,,,,,,,0.931521,,,20260204_104344,mixed_mixed_balanced_v1-step1260_test_20260204_104344,/mnt/data/sgsilva/vlm-evaluation/results/final/mixed_mixed_balanced_v1-step1260_test_20260204_104344.json
2026-02-04,qwen3-vl-4b-baseline,False,False,task1,qwen3-vl-4b-baseline,994,25,,,,,,,,,,,,,,,,,,,,20260204_103948,mixed_qwen3-vl-4b-baseline_test_20260204_103948,/mnt/data/sgsilva/vlm-evaluation/results/final/mixed_qwen3-vl-4b-baseline_test_20260204_103948.json
2026-02-04,qwen3-vl-4b-baseline,False,False,task2,qwen3-vl-4b-baseline,993,25,,,,,,,,,,,,,,,,,,,,20260204_103948,mixed_qwen3-vl-4b-baseline_test_20260204_103948,/mnt/data/sgsilva/vlm-evaluation/results/final/mixed_qwen3-vl-4b-baseline_test_20260204_103948.json
2026-02-04,qwen3-vl-4b-baseline,False,False,task3b,qwen3-vl-4b-baseline,331,25,,,0.000000,0.000000,0.000000,,,,,,,,,,,0.000000,,,,20260204_103948,mixed_qwen3-vl-4b-baseline_test_20260204_103948,/mnt/data/sgsilva/vlm-evaluation/results/final/mixed_qwen3-vl-4b-baseline_test_20260204_103948.json
2026-02-04,qwen3-vl-4b-baseline,False,False,task3c,qwen3-vl-4b-baseline,331,25,,,0.000000,0.000000,0.000000,,,,,,,,,,,0.000000,,,,20260204_103948,mixed_qwen3-vl-4b-baseline_test_20260204_103948,/mnt/data/sgsilva/vlm-evaluation/results/final/mixed_qwen3-vl-4b-baseline_test_20260204_103948.json
2026-02-04,qwen3-vl-4b-baseline,False,False,task3d,qwen3-vl-4b-baseline,331,25,,,0.000000,0.000000,0.000000,,,,,,,,,,,0.000000,,,,20260204_103948,mixed_qwen3-vl-4b-baseline_test_20260204_103948,/mnt/data/sgsilva/vlm-evaluation/results/final/mixed_qwen3-vl-4b-baseline_test_20260204_103948.json
2026-02-04,qwen3-vl-4b-baseline,False,False,task4,qwen3-vl-4b-baseline,993,,,,,,,,,,,,,,,,,,,,,20260204_103948,mixed_qwen3-vl-4b-baseline_test_20260204_103948,/mnt/data/sgsilva/vlm-evaluation/results/final/mixed_qwen3-vl-4b-baseline_test_20260204_103948.json
2026-02-04,qwen3-vl-4b-baseline,False,True,task1,qwen3-vl-4b-baseline,994,25,0.003930,,0.930824,0.886972,0.990040,inf,inf,inf,,0.060700,0.172836,0.286051,,,,,,,,20260204_120705,mixed_qwen3-vl-4b-baseline_test_20260204_120705,/mnt/data/sgsilva/vlm-evaluation/results/final/mixed_qwen3-vl-4b-baseline_test_20260204_120705.json
2026-02-04,qwen3-vl-4b-baseline,False,True,task2,qwen3-vl-4b-baseline,993,25,,,,,,,,,,,,,0.056632,,0.000000,,,,,20260204_120705,mixed_qwen3-vl-4b-baseline_test_20260204_120705,/mnt/data/sgsilva/vlm-evaluation/results/final/mixed_qwen3-vl-4b-baseline_test_20260204_120705.json
2026-02-04,qwen3-vl-4b-baseline,False,True,task3b,qwen3-vl-4b-baseline,331,25,,,0.417455,0.314681,0.658884,,,,,,,,,,,1.000000,,,,20260204_120705,mixed_qwen3-vl-4b-baseline_test_20260204_120705,/mnt/data/sgsilva/vlm-evaluation/results/final/mixed_qwen3-vl-4b-baseline_test_20260204_120705.json
2026-02-04,qwen3-vl-4b-baseline,False,True,task3c,qwen3-vl-4b-baseline,331,25,,,0.387506,0.302312,0.553733,,,,,,,,,,,1.000000,,,,20260204_120705,mixed_qwen3-vl-4b-baseline_test_20260204_120705,/mnt/data/sgsilva/vlm-evaluation/results/final/mixed_qwen3-vl-4b-baseline_test_20260204_120705.json
2026-02-04,qwen3-vl-4b-baseline,False,True,task3d,qwen3-vl-4b-baseline,331,25,,,0.285215,0.198209,0.511782,,,,,,,,,,,0.725076,,,,20260204_120705,mixed_qwen3-vl-4b-baseline_test_20260204_120705,/mnt/data/sgsilva/vlm-evaluation/results/final/mixed_qwen3-vl-4b-baseline_test_20260204_120705.json
2026-02-04,qwen3-vl-4b-baseline,False,True,task4,qwen3-vl-4b-baseline,993,,,,,,,,,,,,,,,,,,0.856999,,,20260204_120705,mixed_qwen3-vl-4b-baseline_test_20260204_120705,/mnt/data/sgsilva/vlm-evaluation/results/final/mixed_qwen3-vl-4b-baseline_test_20260204_120705.json
2026-02-16,qwen3-vl-4b-4epochs-mixed-v5-step1352,True,True,task1,quick_t1c_step1352,500,25,0.105821,0.106057,0.953379,0.918600,0.997770,339.196423,180.326125,158.870298,272.283055,0.092530,0.208551,0.327584,,0.328400,,,,,,20260216_153807,quick_t1c_step1352_20260216_153807,/mnt/data/sgsilva/vlm-evaluation/results/final/quick_t1c_step1352_20260216_153807.json
2026-02-17,qwen3-vl-4b-4epochs-mixed-v6-step987,True,False,task1,quick_t1c_v6_step987,0,25,,,,,,,,,,,,,,,,,,,,20260217_093312,quick_t1c_v6_step987_20260217_093312,/mnt/data/sgsilva/vlm-evaluation/results/final/quick_t1c_v6_step987_20260217_093312.json
2026-02-16,qwen3-vl-4b-4epochs-mixed-v5-step1352,True,True,task2,quick_t2_step1352,500,25,,,,,,,,,,,,,0.047462,0.044012,0.000000,,,,,20260216_153807,quick_t2_step1352_20260216_153807,/mnt/data/sgsilva/vlm-evaluation/results/final/quick_t2_step1352_20260216_153807.json
2026-02-16,qwen3-vl-4b-4epochs-mixed-v5-step1352,True,True,task3d,quick_t3d_step1352,500,25,0.131088,,0.585200,0.585200,0.585200,294.698627,,,,,,,,0.019553,,0.716000,,,,20260216_153807,quick_t3d_step1352_20260216_153807,/mnt/data/sgsilva/vlm-evaluation/results/final/quick_t3d_step1352_20260216_153807.json
2026-02-16,qwen3-vl-4b-4epochs-mixed-v5-step1352,True,True,task4,quick_t4v62_step1352,500,25,,,0.770659,0.772650,0.770549,,,,,,,,,,,,0.770000,1.000000,385,20260216_153807,quick_t4v62_step1352_20260216_153807,/mnt/data/sgsilva/vlm-evaluation/results/final/quick_t4v62_step1352_20260216_153807.json
2026-02-18,qwen3-vl-4b-instruct,False,True,task1,baseline_mixed_final,4399,25,0.106978,0.107136,0.174903,0.142817,0.201231,281.325915,186.511108,94.814807,239.660351,0.140377,0.314991,0.445926,,0.642421,,,,,,20260218_180758,task1_baseline_mixed_final_20260218_180758,/mnt/data/sgsilva/vlm-evaluation/results/final/task1_baseline_mixed_final_20260218_180758.json
2026-01-06,qwen3-vl-235b-a22b-instruct,False,True,task1,cropped_confidence_v1,3571,25,0.108446,0.130692,0.153502,0.151937,0.160070,234.456875,162.126598,72.330277,199.457181,0.198468,0.384059,0.518881,,0.591694,,,,,,20260106_115049,task1_cropped_confidence_v1_test_235b_20260106_115049,/mnt/data/sgsilva/vlm-evaluation/results/final/task1_cropped_confidence_v1_test_235b_20260106_115049.json
2026-01-06,qwen3-vl-4b-instruct,False,False,task1,cropped_confidence_v1,4399,25,0.060656,0.062072,0.067275,0.058165,0.083058,344.254759,201.892418,142.362341,279.499747,0.078066,0.212913,0.339723,,0.660443,,,,,,20260106_111739,task1_cropped_confidence_v1_test_4b_20260106_111739,/mnt/data/sgsilva/vlm-evaluation/results/final/task1_cropped_confidence_v1_test_4b_20260106_111739.json
2026-02-12,qwen3-vl-4b-4epochs-task1-cropped-confidence-v2-step323,True,False,task1,cropped_confidence_v2,3999,25,0.081614,0.084099,0.835562,0.764225,0.944095,342.907053,154.277157,188.629895,273.112692,0.086011,0.217134,0.360452,,0.292087,,,,,,20260212_170816,task1_cropped_confidence_v2_test_step323_20260212_170816,/mnt/data/sgsilva/vlm-evaluation/results/final/task1_cropped_confidence_v2_test_step323_20260212_170816.json
2026-02-12,qwen3-vl-4b-4epochs-task1-cropped-confidence-v2-step646,True,False,task1,cropped_confidence_v2,4399,25,0.109003,0.113281,0.843785,0.779988,0.939948,299.373693,132.321117,167.052575,242.275411,0.114267,0.238062,0.398598,,0.270636,,,,,,20260212_172222,task1_cropped_confidence_v2_test_step646_20260212_172222,/mnt/data/sgsilva/vlm-evaluation/results/final/task1_cropped_confidence_v2_test_step646_20260212_172222.json
2026-02-12,qwen3-vl-4b-4epochs-task1-cropped-confidence-v2-step969,True,True,task1,cropped_confidence_v2,0,25,0.125468,0.128249,0.878785,0.823970,0.958924,283.402413,138.432642,144.969772,229.884490,0.129398,0.272844,0.425846,,0.237028,,,,,,20260212_173020,task1_cropped_confidence_v2_test_step969_20260212_173020,/mnt/data/sgsilva/vlm-evaluation/results/final/task1_cropped_confidence_v2_test_step969_20260212_173020.json
2026-02-12,qwen3-vl-4b-instruct,False,False,task1,cropped_confidence_v2,4399,25,0.124957,0.127247,0.856110,0.767552,0.991947,264.361037,175.548668,88.812369,225.745965,0.158968,0.343335,0.477542,,0.533516,,,,,,20260212_141500,task1_cropped_confidence_v2_test_4b_20260212_141500,/mnt/data/sgsilva/vlm-evaluation/results/final/task1_cropped_confidence_v2_test_4b_20260212_141500.json
2026-01-19,qwen3-vl-4b-4epochs-task1-step323,True,False,task1,cropped_v1,4399,25,0.169982,0.173117,0.117159,0.113411,0.122306,202.772850,95.548112,107.224738,162.586833,0.136833,0.371604,0.582068,,0.134292,,,,,,20260119_174053,task1_cropped_v1_test_step323_20260119_174053,/mnt/data/sgsilva/vlm-evaluation/results/final/task1_cropped_v1_test_step323_20260119_174053.json
2026-01-19,qwen3-vl-4b-4epochs-task1-step646,True,True,task1,cropped_v1,4399,25,0.197141,0.200002,0.127841,0.123036,0.135126,205.120955,97.743714,107.377241,164.813032,0.161492,0.417349,0.617811,,0.146302,,,,,,20260119_174818,task1_cropped_v1_test_step646_20260119_174818,/mnt/data/sgsilva/vlm-evaluation/results/final/task1_cropped_v1_test_step646_20260119_174818.json
2026-01-19,qwen3-vl-4b-4epochs-task1-step969,True,False,task1,cropped_v1,4399,25,0.182698,0.184068,0.116959,0.111217,0.125462,216.027238,104.755253,111.271985,173.695857,0.143596,0.383791,0.588041,,0.147866,,,,,,20260119_181452,task1_cropped_v1_test_step969_20260119_181452,/mnt/data/sgsilva/vlm-evaluation/results/final/task1_cropped_v1_test_step969_20260119_181452.json
2026-01-19,qwen3-vl-4b-4epochs-task1-step1292,True,False,task1,cropped_v1,4395,25,0.170015,0.172895,0.107617,0.103095,0.114602,236.043100,110.780323,125.262777,190.193354,0.135415,0.365087,0.555972,,0.162948,,,,,,20260119_181535,task1_cropped_v1_test_step1292_20260119_181535,/mnt/data/sgsilva/vlm-evaluation/results/final/task1_cropped_v1_test_step1292_20260119_181535.json
2026-01-05,qwen3-vl-235b-a22b-instruct,False,False,task1,cropped_v1,4399,25,0.124025,,0.170898,0.173863,0.172361,225.806300,147.935952,77.870348,193.570948,0.203608,0.404656,0.541743,,0.638040,,,,,,20260105_223739,task1_cropped_v1_test_235b_20260105_223739,/mnt/data/sgsilva/vlm-evaluation/results/final/task1_cropped_v1_test_235b_20260105_223739.json
2026-01-05,qwen3-vl-4b-instruct,False,False,task1,cropped_v1,4099,25,0.063190,,0.073200,0.062652,0.091091,315.398762,205.042536,110.356227,260.415840,0.092041,0.241984,0.366524,,0.566567,,,,,,20260105_180920,task1_cropped_v1_test_4b_20260105_180920,/mnt/data/sgsilva/vlm-evaluation/results/final/task1_cropped_v1_test_4b_20260105_180920.json
2026-01-08,gemini-3-pro-preview,False,False,task1,cropped_v1,4399,25,0.149569,0.168983,0.147372,0.154040,0.143367,472.457066,236.286578,236.170488,345.569416,0.173772,0.261108,0.326144,,0.320900,,,,,,20260108_112216,task1_cropped_v1_test_gemini3_20260108_112216,/mnt/data/sgsilva/vlm-evaluation/results/final/task1_cropped_v1_test_gemini3_20260108_112216.json
2026-02-11,qwen3-vl-4b-4epochs-task1-cropped-v2-step323,True,False,task1,cropped_v2,4399,25,0.088393,0.093211,0.838288,0.783935,0.921559,358.585618,159.167808,199.417810,285.602643,0.093785,0.226621,0.364504,,0.325889,,,,,,20260211_140605,task1_cropped_v2_test_step323_20260211_140605,/mnt/data/sgsilva/vlm-evaluation/results/final/task1_cropped_v2_test_step323_20260211_140605.json
2026-02-11,qwen3-vl-4b-4epochs-task1-cropped-v2-step646,True,False,task1,cropped_v2,4399,25,0.104184,0.108151,0.844564,0.780460,0.941422,304.755968,138.683643,166.072325,245.896979,0.107272,0.231927,0.385810,,0.269373,,,,,,20260211_144358,task1_cropped_v2_test_step646_20260211_144358,/mnt/data/sgsilva/vlm-evaluation/results/final/task1_cropped_v2_test_step646_20260211_144358.json
2026-02-11,qwen3-vl-4b-4epochs-task1-cropped-v2-step969,True,False,task1,cropped_v2,4399,25,0.087966,0.092768,0.834675,0.779201,0.919993,350.982011,146.890455,204.091556,279.742914,0.087881,0.212179,0.350352,,0.336321,,,,,,20260211_152156,task1_cropped_v2_test_step969_20260211_152156,/mnt/data/sgsilva/vlm-evaluation/results/final/task1_cropped_v2_test_step969_20260211_152156.json
2026-02-11,qwen3-vl-4b-instruct,False,True,task1,cropped_v2,4399,25,0.105507,0.114861,0.840149,0.781922,0.921563,277.605492,179.848469,97.757023,235.054110,0.146450,0.312178,0.442384,,0.519714,,,,,,20260211_170742,task1_cropped_v2_test_4b_baseline,/mnt/data/sgsilva/vlm-evaluation/results/final/task1_cropped_v2_test_4b_baseline.json
2026-02-18,qwen3-vl-4b-4epochs-mixed-final-a-step1125,True,True,task1,mixed_final_a,4399,25,0.100431,0.102451,0.104799,0.098089,0.114588,328.835369,166.594075,162.241293,263.303959,0.100714,0.220153,0.348562,,0.268008,,,,,,20260218_180619,task1_mixed_final_a_test_step1125_20260218_180619,/mnt/data/sgsilva/vlm-evaluation/results/final/task1_mixed_final_a_test_step1125_20260218_180619.json
2026-02-19,qwen3-vl-4b-4epochs-mixed-final-a-step2250,True,False,task1,mixed_final_a,4399,25,0.051490,0.057833,0.056654,0.052467,0.063122,474.135151,224.738505,249.396647,372.311769,0.041492,0.123979,0.215857,,0.417996,,,,,,20260219_102428,task1_mixed_final_a_test_step2250_20260219_102428,/mnt/data/sgsilva/vlm-evaluation/results/final/task1_mixed_final_a_test_step2250_20260219_102428.json
2026-02-19,qwen3-vl-4b-4epochs-mixed-final-a-step4500,True,False,task1,mixed_final_a,4399,25,0.050657,0.056272,0.053369,0.049991,0.057904,498.202379,227.365759,270.836620,388.215768,0.045223,0.118698,0.211847,,0.479853,,,,,,20260219_131242,task1_mixed_final_a_test_step4500_20260219_131242,/mnt/data/sgsilva/vlm-evaluation/results/final/task1_mixed_final_a_test_step4500_20260219_131242.json
2026-02-13,qwen3-vl-4b-3epochs-mixed-v2-phase1-step843,True,False,task1,mixed_v2_phase1,4399,25,0.081991,0.084612,0.093079,0.085800,0.103998,410.977913,174.985784,235.992129,323.622024,0.081053,0.195107,0.313215,,0.367963,,,,,,20260213_142948,task1_mixed_v2_phase1_test_step843_20260213_142948,/mnt/data/sgsilva/vlm-evaluation/results/final/task1_mixed_v2_phase1_test_step843_20260213_142948.json
2026-02-13,qwen3-vl-4b-3epochs-mixed-v2-phase1-step1686,True,False,task1,mixed_v2_phase1,4399,25,0.097446,0.102223,0.109866,0.103172,0.119390,349.269514,153.908775,195.360739,278.088202,0.099976,0.231797,0.371531,,0.298981,,,,,,20260213_143422,task1_mixed_v2_phase1_test_step1686_20260213_143422,/mnt/data/sgsilva/vlm-evaluation/results/final/task1_mixed_v2_phase1_test_step1686_20260213_143422.json
2026-02-13,qwen3-vl-4b-3epochs-mixed-v2-phase1-step2529,True,True,task1,mixed_v2_phase1,4399,25,0.098006,0.102209,0.112494,0.104855,0.124228,317.283847,129.813365,187.470483,254.404802,0.101566,0.234053,0.389718,,0.321724,,,,,,20260213_145546,task1_mixed_v2_phase1_test_step2529_20260213_145546,/mnt/data/sgsilva/vlm-evaluation/results/final/task1_mixed_v2_phase1_test_step2529_20260213_145546.json
2026-01-21,4b_4epochs_task1_original-step324,True,False,task1,original_v1,578,25,0.028456,0.029324,0.002842,0.002808,0.002880,199.708792,88.252974,111.455819,156.750287,0.044000,0.250165,0.613552,,0.086127,,,,,,20260121_144249,task1_original_v1_test_step324_20260121_144249,/mnt/data/sgsilva/vlm-evaluation/results/final/task1_original_v1_test_step324_20260121_144249.json
2026-01-21,4b_4epochs_task1_original-step648,True,False,task1,original_v1,4399,25,0.058235,0.058683,0.016686,0.014792,0.019980,234.413345,112.620858,121.792487,185.308787,0.061893,0.265159,0.502704,,0.164718,,,,,,20260121_144943,task1_original_v1_test_step648_20260121_144943,/mnt/data/sgsilva/vlm-evaluation/results/final/task1_original_v1_test_step648_20260121_144943.json
2026-02-09,4b_4epochs_task1_original-step648,True,False,task1,original_v1,4399,25,0.041881,0.041975,0.047616,0.042039,0.056084,252.214708,121.776451,130.438257,199.038892,0.044093,0.210466,0.449754,,0.175911,,,,,,20260209_114039,task1_original_v1_test_step648_20260209_114039,/mnt/data/sgsilva/vlm-evaluation/results/final/task1_original_v1_test_step648_20260209_114039.json
2026-01-21,4b_4epochs_task1_original-step972,True,False,task1,original_v1,4399,25,0.046733,0.047543,0.027601,0.024834,0.031881,255.374130,127.238521,128.135609,203.025220,0.048275,0.216178,0.450677,,0.149289,,,,,,20260121_155155,task1_original_v1_test_step972_20260121_155155,/mnt/data/sgsilva/vlm-evaluation/results/final/task1_original_v1_test_step972_20260121_155155.json
2026-01-22,4b_4epochs_task1_original-step1292,True,False,task1,original_v1,4399,25,0.057610,0.058876,0.027663,0.025244,0.031274,242.726230,118.201435,124.524795,193.247292,0.060659,0.254260,0.486749,,0.166751,,,,,,20260122_095451,task1_original_v1_test_step1292_20260122_095451,/mnt/data/sgsilva/vlm-evaluation/results/final/task1_original_v1_test_step1292_20260122_095451.json
2026-01-06,qwen3-vl-235b-a22b-instruct,False,True,task1,original_v1,4399,25,0.260041,0.328450,0.295521,0.314163,0.288252,97.130156,59.187482,37.942674,78.984835,0.488801,0.735130,0.853896,,0.633903,,,,,,20260106_144915,task1_original_v1_test_235b_20260106_144915,/mnt/data/sgsilva/vlm-evaluation/results/final/task1_original_v1_test_235b_20260106_144915.json
2026-01-06,qwen3-vl-4b-instruct,False,False,task1,original_v1,4399,25,0.195290,0.195355,0.184325,0.161112,0.222724,143.627072,79.165934,64.461138,117.349846,0.338908,0.600098,0.736885,,0.553436,,,,,,20260106_141014,task1_original_v1_test_4b_20260106_141014,/mnt/data/sgsilva/vlm-evaluation/results/final/task1_original_v1_test_4b_20260106_141014.json
2026-01-19,qwen3-vl-8b-instruct,False,False,task1,original_v1,4399,25,0.043565,0.048755,0.049635,0.045209,0.058190,319.502100,200.968885,118.533215,260.753831,0.061016,0.185667,0.313246,,0.598253,,,,,,20260119_085057,task1_original_v1_test_8b_20260119_085057,/mnt/data/sgsilva/vlm-evaluation/results/final/task1_original_v1_test_8b_20260119_085057.json
2026-01-07,gemini-3-pro-preview,False,False,task1,original_v1,4399,25,0.229471,0.252062,0.182639,0.181116,0.187927,264.253957,133.060064,131.193893,193.385581,0.292738,0.415532,0.521057,,0.361997,,,,,,20260107_212516,task1_original_v1_test_gemini3_20260107_212516,/mnt/data/sgsilva/vlm-evaluation/results/final/task1_original_v1_test_gemini3_20260107_212516.json
2026-01-26,4b_4epochs_task1b_cropped-step320,True,True,task1b,cropped_v1,4399,17,0.177910,0.178233,0.117969,0.116075,0.120388,196.217631,96.299412,99.918219,158.210695,0.170329,0.426701,0.627188,,0.156537,,,,,,20260126_141547,task1b_cropped_v1_test_step320_20260126_141547,/mnt/data/sgsilva/vlm-evaluation/results/final/task1b_cropped_v1_test_step320_20260126_141547.json
2026-01-26,4b_4epochs_task1b_cropped-step640,True,False,task1b,cropped_v1,4399,17,0.162151,0.162965,0.099944,0.098208,0.102104,231.521050,105.343523,126.177527,188.267906,0.149169,0.387132,0.560158,,0.149700,,,,,,20260126_144713,task1b_cropped_v1_test_step640_20260126_144713,/mnt/data/sgsilva/vlm-evaluation/results/final/task1b_cropped_v1_test_step640_20260126_144713.json
2026-01-26,4b_4epochs_task1b_cropped-step960,True,False,task1b,cropped_v1,4399,17,0.159387,0.160181,0.099634,0.097901,0.101777,224.231440,107.038538,117.192902,180.589577,0.148105,0.381994,0.563970,,0.145667,,,,,,20260126_151237,task1b_cropped_v1_test_step960_20260126_151237,/mnt/data/sgsilva/vlm-evaluation/results/final/task1b_cropped_v1_test_step960_20260126_151237.json
2026-01-26,4b_4epochs_task1b_cropped-step1280,True,False,task1b,cropped_v1,4399,17,0.157436,0.158262,0.099208,0.097608,0.101171,225.946319,107.524633,118.421686,181.692102,0.146064,0.382063,0.567137,,0.150988,,,,,,20260126_153804,task1b_cropped_v1_test_step1280_20260126_153804,/mnt/data/sgsilva/vlm-evaluation/results/final/task1b_cropped_v1_test_step1280_20260126_153804.json
2026-01-06,qwen3-vl-235b-a22b-instruct,False,False,task1b,cropped_v1,4399,17,0.129896,0.139410,0.146256,0.144716,0.149421,211.169626,134.130149,77.039477,180.700953,0.232188,0.444050,0.579015,,0.588510,,,,,,20260106_144915,task1b_cropped_v1_test_235b_20260106_144915,/mnt/data/sgsilva/vlm-evaluation/results/final/task1b_cropped_v1_test_235b_20260106_144915.json
2026-01-06,qwen3-vl-4b-instruct,False,False,task1b,cropped_v1,4399,17,0.053729,0.053729,0.054083,0.050693,0.058759,284.230987,180.410279,103.820708,234.961119,0.094120,0.257030,0.395093,,0.563711,,,,,,20260106_105244,task1b_cropped_v1_test_4b_20260106_105244,/mnt/data/sgsilva/vlm-evaluation/results/final/task1b_cropped_v1_test_4b_20260106_105244.json
2026-02-13,qwen3-vl-4b-3epochs-mixed-v2-phase1-step843,True,False,task1b,mixed_v2_phase1,4399,17,0.070157,0.072124,0.076338,0.075801,0.077263,413.893670,166.662521,247.231149,324.424910,0.088862,0.204193,0.321383,,0.367039,,,,,,20260213_142948,task1b_mixed_v2_phase1_test_step843_20260213_142948,/mnt/data/sgsilva/vlm-evaluation/results/final/task1b_mixed_v2_phase1_test_step843_20260213_142948.json
2026-02-13,qwen3-vl-4b-3epochs-mixed-v2-phase1-step1686,True,False,task1b,mixed_v2_phase1,4399,17,0.090234,0.092861,0.103050,0.101940,0.104779,339.833172,143.261703,196.571468,269.660801,0.116714,0.250325,0.393380,,0.294875,,,,,,20260213_143422,task1b_mixed_v2_phase1_test_step1686_20260213_143422,/mnt/data/sgsilva/vlm-evaluation/results/final/task1b_mixed_v2_phase1_test_step1686_20260213_143422.json
2026-02-13,unknown,True,True,task1b,mixed_v2_phase1,4000,17,0.096444,0.098546,0.108565,0.106903,0.110893,305.399317,121.699196,183.700121,245.004631,0.121470,0.258901,0.415983,,0.326563,,,,,,20260213_145546,task1b_mixed_v2_phase1_test_step2529_20260213_145546,/mnt/data/sgsilva/vlm-evaluation/results/final/task1b_mixed_v2_phase1_test_step2529_20260213_145546.json
2026-01-27,4b_4epochs_task1c_cropped-step315,True,False,task1c,cropped_v1,3973,12,0.245787,,0.142630,0.140326,0.145538,182.328036,98.433781,83.894255,146.525959,0.158535,0.437546,0.657312,,0.166902,,,,,,20260127_112724,task1c_cropped_v1_test_step315_20260127_112724,/mnt/data/sgsilva/vlm-evaluation/results/final/task1c_cropped_v1_test_step315_20260127_112724.json
2026-01-28,4b_4epochs_task1c_cropped-step630,True,False,task1c,cropped_v1,3973,12,0.268513,,0.169164,0.166046,0.173096,168.931251,89.877616,79.053635,135.245396,0.209797,0.501969,0.694723,,0.189680,,,,,,20260128_201101,task1c_cropped_v1_test_step630_20260128_201101,/mnt/data/sgsilva/vlm-evaluation/results/final/task1c_cropped_v1_test_step630_20260128_201101.json
2026-02-13,4b_4epochs_task1c_cropped-step630,True,False,task1c,cropped_v1,3973,12,0.227763,0.228877,0.976560,0.962772,0.993859,168.853419,89.933892,78.919527,135.342424,0.209662,0.502919,0.693411,,0.187759,,,,,,20260213_153841,task1c_cropped_v1_test_step630_20260213_153841,/mnt/data/sgsilva/vlm-evaluation/results/final/task1c_cropped_v1_test_step630_20260213_153841.json
2026-01-28,4b_4epochs_task1c_cropped-step945,True,True,task1c,cropped_v1,3973,12,0.277188,,0.176849,0.174070,0.180331,178.944044,86.520381,92.423663,144.723213,0.205177,0.499642,0.681446,,0.153658,,,,,,20260128_204129,task1c_cropped_v1_test_step945_20260128_204129,/mnt/data/sgsilva/vlm-evaluation/results/final/task1c_cropped_v1_test_step945_20260128_204129.json
2026-01-28,4b_4epochs_task1c_cropped-step1260,True,False,task1c,cropped_v1,3973,12,0.271910,,0.173390,0.170866,0.176541,185.553914,85.398430,100.155484,150.476556,0.204176,0.490375,0.663345,,0.154849,,,,,,20260128_211854,task1c_cropped_v1_test_step1260_20260128_211854,/mnt/data/sgsilva/vlm-evaluation/results/final/task1c_cropped_v1_test_step1260_20260128_211854.json
2026-01-06,qwen3-vl-235b-a22b-instruct,False,False,task1c,cropped_v1,3973,12,0.155489,0.158200,0.117232,0.114212,0.121720,256.410520,166.563590,89.846930,219.315677,0.139732,0.330932,0.481076,,0.543070,,,,,,20260106_144915,task1c_cropped_v1_test_235b_20260106_144915,/mnt/data/sgsilva/vlm-evaluation/results/final/task1c_cropped_v1_test_235b_20260106_144915.json
2026-01-06,qwen3-vl-4b-instruct,False,False,task1c,cropped_v1,3973,12,0.059413,0.059461,0.030641,0.028849,0.033008,344.542835,225.074909,119.467926,286.559372,0.037302,0.140014,0.265928,,0.716944,,,,,,20260106_105244,task1c_cropped_v1_test_4b_20260106_105244,/mnt/data/sgsilva/vlm-evaluation/results/final/task1c_cropped_v1_test_4b_20260106_105244.json
2026-02-13,qwen3-vl-4b-3epochs-mixed-v2-phase1-step843,True,True,task1c,mixed_v2_phase1,3973,12,0.109247,0.109312,0.952829,0.916490,0.999549,328.378911,172.666438,155.712473,263.756831,0.089160,0.201104,0.327213,,0.288653,,,,,,20260213_142948,task1c_mixed_v2_phase1_test_step843_20260213_142948,/mnt/data/sgsilva/vlm-evaluation/results/final/task1c_mixed_v2_phase1_test_step843_20260213_142948.json
2026-02-13,qwen3-vl-4b-3epochs-mixed-v2-phase1-step1686,True,False,task1c,mixed_v2_phase1,3973,12,0.106973,0.107242,0.951551,0.916793,0.996785,326.174453,171.576470,154.597983,261.695321,0.085911,0.209369,0.335308,,0.284642,,,,,,20260213_143422,task1c_mixed_v2_phase1_test_step1686_20260213_143422,/mnt/data/sgsilva/vlm-evaluation/results/final/task1c_mixed_v2_phase1_test_step1686_20260213_143422.json
2026-02-13,qwen3-vl-4b-4epochs-mixed-v3-step1125,True,False,task1c,mixed_v3,3973,12,0.076211,0.079259,0.912173,0.923521,0.912040,415.283342,201.981778,213.301563,330.555125,0.062257,0.153771,0.254286,,0.407757,,,,,,20260213_163322,task1c_mixed_v3_test_step1125_20260213_163322,/mnt/data/sgsilva/vlm-evaluation/results/final/task1c_mixed_v3_test_step1125_20260213_163322.json
2026-02-13,qwen3-vl-4b-4epochs-mixed-v3-step2250,True,False,task1c,mixed_v3,0,12,,,,,,,,,,,,,,,,,,,,20260213_173007,task1c_mixed_v3_test_step2250_20260213_173007,/mnt/data/sgsilva/vlm-evaluation/results/final/task1c_mixed_v3_test_step2250_20260213_173007.json
2026-02-13,qwen3-vl-4b-4epochs-mixed-v3-step2250,True,False,task1c,mixed_v3,3973,12,0.110040,0.110040,0.952960,0.916310,1.000000,331.070376,174.870696,156.199679,265.699404,0.090641,0.202114,0.323595,,0.291358,,,,,,20260213_174924,task1c_mixed_v3_test_step2250_20260213_174924,/mnt/data/sgsilva/vlm-evaluation/results/final/task1c_mixed_v3_test_step2250_20260213_174924.json
2026-02-13,qwen3-vl-4b-4epochs-mixed-v3-step3375,True,False,task1c,mixed_v3,3973,12,0.111051,0.111081,0.953042,0.916839,0.999605,334.772050,180.222689,154.549360,268.901001,0.094215,0.218123,0.325993,,0.282738,,,,,,20260213_181506,task1c_mixed_v3_test_step3375_20260213_181506,/mnt/data/sgsilva/vlm-evaluation/results/final/task1c_mixed_v3_test_step3375_20260213_181506.json
2026-02-13,qwen3-vl-4b-4epochs-mixed-v3-step4500,True,True,task1c,mixed_v3,3973,12,0.111906,0.111985,0.952909,0.917325,0.998860,330.949631,174.547809,156.401823,265.697222,0.093049,0.217398,0.332631,,0.284046,,,,,,20260213_182014,task1c_mixed_v3_test_step4500_20260213_182014,/mnt/data/sgsilva/vlm-evaluation/results/final/task1c_mixed_v3_test_step4500_20260213_182014.json
2026-02-16,qwen3-vl-4b-4epochs-mixed-v4-weighted-step1125,True,True,task1c,mixed_v4_weighted,3973,12,0.029396,0.033880,0.879420,0.923744,0.845205,527.761831,239.724655,288.037176,414.816419,0.017117,0.061830,0.132428,,0.559602,,,,,,20260216_140503,task1c_mixed_v4_weighted_test_step1125_20260216_140503,/mnt/data/sgsilva/vlm-evaluation/results/final/task1c_mixed_v4_weighted_test_step1125_20260216_140503.json
2026-02-17,qwen3-vl-4b-4epochs-mixed-v6-step987,True,True,task1c,mixed_v6,500,12,0.077656,0.083376,0.898801,0.921500,0.886478,384.539757,159.022441,225.517316,308.006784,0.056502,0.160122,0.277714,,0.427767,,,,,,20260217_101359,task1c_mixed_v6_test_step987_quick,/mnt/data/sgsilva/vlm-evaluation/results/final/task1c_mixed_v6_test_step987_quick.json
2026-02-17,qwen3-vl-4b-2epochs-mixed-v7-step315,True,False,task1c,mixed_v7,3973,12,0.109303,0.109303,0.952960,0.916310,1.000000,341.311826,184.962984,156.348842,274.209946,0.092352,0.208714,0.325298,,0.286694,,,,,,20260217_111402,task1c_mixed_v7_test_step315_20260217_111402,/mnt/data/sgsilva/vlm-evaluation/results/final/task1c_mixed_v7_test_step315_20260217_111402.json
2026-02-17,qwen3-vl-4b-2epochs-mixed-v7-step630,True,True,task1c,mixed_v7,3973,12,0.111923,0.111928,0.952914,0.916310,0.999916,327.512562,173.067126,154.445436,262.708824,0.090423,0.205758,0.333082,,0.291824,,,,,,20260217_122131,task1c_mixed_v7_test_step630_20260217_122131,/mnt/data/sgsilva/vlm-evaluation/results/final/task1c_mixed_v7_test_step630_20260217_122131.json
2026-02-18,qwen3-vl-4b-instruct,False,True,task2,baseline_mixed_final,4399,25,,,,,,,,,,,,,0.073564,0.083326,0.000000,,,,,20260218_180758,task2_baseline_mixed_final_20260218_180758,/mnt/data/sgsilva/vlm-evaluation/results/final/task2_baseline_mixed_final_20260218_180758.json
2026-02-18,qwen3-vl-4b-4epochs-mixed-final-a-step1125,True,True,task2,mixed_final_a,4399,25,,,,,,,,,,,,,0.043012,0.043111,0.000000,,,,,20260218_180619,task2_mixed_final_a_test_step1125_20260218_180619,/mnt/data/sgsilva/vlm-evaluation/results/final/task2_mixed_final_a_test_step1125_20260218_180619.json
2026-02-19,qwen3-vl-4b-4epochs-mixed-final-a-step2250,True,False,task2,mixed_final_a,4399,25,,,,,,,,,,,,,0.041222,0.041803,0.000000,,,,,20260219_102428,task2_mixed_final_a_test_step2250_20260219_102428,/mnt/data/sgsilva/vlm-evaluation/results/final/task2_mixed_final_a_test_step2250_20260219_102428.json
2026-02-19,qwen3-vl-4b-4epochs-mixed-final-a-step4500,True,False,task2,mixed_final_a,4399,25,,,,,,,,,,,,,0.042901,0.043319,0.000000,,,,,20260219_131242,task2_mixed_final_a_test_step4500_20260219_131242,/mnt/data/sgsilva/vlm-evaluation/results/final/task2_mixed_final_a_test_step4500_20260219_131242.json
2026-02-13,qwen3-vl-4b-4epochs-mixed-v3-step1125,True,False,task2,mixed_v3,4399,25,,,,,,,,,,,,,0.043276,0.041021,0.000000,,,,,20260213_163322,task2_mixed_v3_test_step1125_20260213_163322,/mnt/data/sgsilva/vlm-evaluation/results/final/task2_mixed_v3_test_step1125_20260213_163322.json
2026-02-13,qwen3-vl-4b-4epochs-mixed-v3-step2250,True,True,task2,mixed_v3,4399,25,,,,,,,,,,,,,0.043372,0.040853,0.000000,,,,,20260213_174924,task2_mixed_v3_test_step2250_20260213_174924,/mnt/data/sgsilva/vlm-evaluation/results/final/task2_mixed_v3_test_step2250_20260213_174924.json
2026-02-13,qwen3-vl-4b-4epochs-mixed-v3-step3375,True,False,task2,mixed_v3,4399,25,,,,,,,,,,,,,0.040712,0.038640,0.000000,,,,,20260213_181506,task2_mixed_v3_test_step3375_20260213_181506,/mnt/data/sgsilva/vlm-evaluation/results/final/task2_mixed_v3_test_step3375_20260213_181506.json
2026-02-13,qwen3-vl-4b-4epochs-mixed-v3-step4500,True,False,task2,mixed_v3,4399,25,,,,,,,,,,,,,0.040824,0.039869,0.000000,,,,,20260213_182014,task2_mixed_v3_test_step4500_20260213_182014,/mnt/data/sgsilva/vlm-evaluation/results/final/task2_mixed_v3_test_step4500_20260213_182014.json
2026-02-16,qwen3-vl-4b-4epochs-mixed-v4-weighted-step1125,True,True,task2,mixed_v4_weighted,4399,25,,,,,,,,,,,,,0.043516,0.043413,0.000000,,,,,20260216_140503,task2_mixed_v4_weighted_test_step1125_20260216_140503,/mnt/data/sgsilva/vlm-evaluation/results/final/task2_mixed_v4_weighted_test_step1125_20260216_140503.json
2026-02-17,qwen3-vl-4b-4epochs-mixed-v6-step987,True,True,task2,mixed_v6,500,25,,,,,,,,,,,,,0.042251,0.040248,0.000000,,,,,20260217_101718,task2_mixed_v6_test_step987_quick,/mnt/data/sgsilva/vlm-evaluation/results/final/task2_mixed_v6_test_step987_quick.json
2026-02-17,qwen3-vl-4b-2epochs-mixed-v7-step315,True,False,task2,mixed_v7,4399,25,,,,,,,,,,,,,0.041871,0.041203,0.000000,,,,,20260217_111402,task2_mixed_v7_test_step315_20260217_111402,/mnt/data/sgsilva/vlm-evaluation/results/final/task2_mixed_v7_test_step315_20260217_111402.json
2026-02-17,qwen3-vl-4b-2epochs-mixed-v7-step630,True,True,task2,mixed_v7,4399,25,,,,,,,,,,,,,0.043634,0.042812,0.000000,,,,,20260217_122131,task2_mixed_v7_test_step630_20260217_122131,/mnt/data/sgsilva/vlm-evaluation/results/final/task2_mixed_v7_test_step630_20260217_122131.json
2026-02-13,qwen3-vl-4b-4epochs-task2-v10-step332,True,True,task2,visualized_cropped_v10,4399,25,,,,,,,,,,,,,0.052421,0.053911,0.000000,,,,,20260213_104120,task2_visualized_cropped_v10_test_step332_20260213_104120,/mnt/data/sgsilva/vlm-evaluation/results/final/task2_visualized_cropped_v10_test_step332_20260213_104120.json
2026-01-05,qwen3-vl-4b-instruct,False,False,task2,visualized_cropped_v1,4399,25,,,,,,,,,,,,,0.045894,0.046758,0.000000,,,,,20260105_215036,task2_visualized_cropped_v1_test_20260105_215036,/mnt/data/sgsilva/vlm-evaluation/results/final/task2_visualized_cropped_v1_test_20260105_215036.json
2026-01-05,qwen3-vl-235b-a22b-instruct,False,False,task2,visualized_cropped_v1,4399,25,,,,,,,,,,,,,0.061288,0.070303,0.000000,,,,,20260105_223739,task2_visualized_cropped_v1_test_235b_20260105_223739,/mnt/data/sgsilva/vlm-evaluation/results/final/task2_visualized_cropped_v1_test_235b_20260105_223739.json
2026-01-13,gemini-3-pro-preview,False,True,task2,visualized_cropped_v1,2247,25,,,,,,,,,,,,,0.484537,0.107034,0.000000,,,,,20260113_093608,task2_visualized_cropped_v1_test_gemini3_20260113_093608,/mnt/data/sgsilva/vlm-evaluation/results/final/task2_visualized_cropped_v1_test_gemini3_20260113_093608.json
2026-01-15,gemini-3-pro-preview,False,True,task2,visualized_cropped_v2,100,25,,,,,,,,,,,,,0.360393,0.150775,0.000000,,,,,20260115_210858,task2_visualized_cropped_v2_test100_gemini3_20260115_210858,/mnt/data/sgsilva/vlm-evaluation/results/final/task2_visualized_cropped_v2_test100_gemini3_20260115_210858.json
2026-01-19,qwen3-vl-4b-4epochs-task2-step646,True,False,task2,visualized_cropped_v2,4399,25,,,,,,,,,,,,,0.307735,0.138259,0.000000,,,,,20260119_155259,task2_visualized_cropped_v2_test_step646_20260119_155259,/mnt/data/sgsilva/vlm-evaluation/results/final/task2_visualized_cropped_v2_test_step646_20260119_155259.json
2026-01-19,qwen3-vl-4b-4epochs-task2-step969,True,False,task2,visualized_cropped_v2,4399,25,,,,,,,,,,,,,0.339202,0.155623,0.000455,,,,,20260119_161852,task2_visualized_cropped_v2_test_step969_20260119_161852,/mnt/data/sgsilva/vlm-evaluation/results/final/task2_visualized_cropped_v2_test_step969_20260119_161852.json
2026-01-19,qwen3-vl-4b-4epochs-task2-step1292,True,False,task2,visualized_cropped_v2,4399,25,,,,,,,,,,,,,0.332220,0.158012,0.000455,,,,,20260119_162846,task2_visualized_cropped_v2_test_step1292_20260119_162846,/mnt/data/sgsilva/vlm-evaluation/results/final/task2_visualized_cropped_v2_test_step1292_20260119_162846.json
2026-01-19,qwen3-vl-4b-4epochs-task2-step1328,True,False,task2,visualized_cropped_v2,4399,25,,,,,,,,,,,,,0.336014,0.154762,0.000455,,,,,20260119_175009,task2_visualized_cropped_v2_test_step1328_20260119_175009,/mnt/data/sgsilva/vlm-evaluation/results/final/task2_visualized_cropped_v2_test_step1328_20260119_175009.json
2026-01-15,qwen3-vl-235b-a22b-instruct,False,False,task2,visualized_cropped_v2,4399,25,,,,,,,,,,,,,0.060762,0.063231,0.000000,,,,,20260115_210255,task2_visualized_cropped_v2_test_235b_20260115_210255,/mnt/data/sgsilva/vlm-evaluation/results/final/task2_visualized_cropped_v2_test_235b_20260115_210255.json
2026-01-15,qwen3-vl-4b-instruct,False,False,task2,visualized_cropped_v2,4399,25,,,,,,,,,,,,,0.046537,0.046213,0.000000,,,,,20260115_173236,task2_visualized_cropped_v2_test_4b_20260115_173236,/mnt/data/sgsilva/vlm-evaluation/results/final/task2_visualized_cropped_v2_test_4b_20260115_173236.json
2026-01-20,qwen3-vl-4b-instruct,False,True,task2,visualized_cropped_v3,4399,25,,,,,,,,,,,,,0.047445,0.047195,0.000000,,,,,20260120_111547,task2_visualized_cropped_v3_test_4b_20260120_111547,/mnt/data/sgsilva/vlm-evaluation/results/final/task2_visualized_cropped_v3_test_4b_20260120_111547.json
2026-01-20,qwen3-vl-4b-4epochs-task2-v4-step646,True,False,task2,visualized_cropped_v4,4399,25,,,,,,,,,,,,,0.297606,0.173411,0.000227,,,,,20260120_142212,task2_visualized_cropped_v4_test_step646_20260120_142212,/mnt/data/sgsilva/vlm-evaluation/results/final/task2_visualized_cropped_v4_test_step646_20260120_142212.json
2026-01-20,qwen3-vl-4b-4epochs-task2-v4-step969,True,False,task2,visualized_cropped_v4,4399,25,,,,,,,,,,,,,0.322805,0.182527,0.000227,,,,,20260120_151631,task2_visualized_cropped_v4_test_step969_20260120_151631,/mnt/data/sgsilva/vlm-evaluation/results/final/task2_visualized_cropped_v4_test_step969_20260120_151631.json
2026-01-20,qwen3-vl-4b-4epochs-task2-v4-step1292,True,False,task2,visualized_cropped_v4,4399,25,,,,,,,,,,,,,0.329332,0.178135,0.000682,,,,,20260120_153416,task2_visualized_cropped_v4_test_step1292_20260120_153416,/mnt/data/sgsilva/vlm-evaluation/results/final/task2_visualized_cropped_v4_test_step1292_20260120_153416.json
2026-01-20,qwen3-vl-4b-4epochs-task2-v4-step1328,True,True,task2,visualized_cropped_v4,4399,25,,,,,,,,,,,,,0.333641,0.174092,0.000227,,,,,20260120_155153,task2_visualized_cropped_v4_test_step1328_20260120_155153,/mnt/data/sgsilva/vlm-evaluation/results/final/task2_visualized_cropped_v4_test_step1328_20260120_155153.json
2026-01-20,qwen3-vl-4b-instruct,False,False,task2,visualized_cropped_v4,38,25,,,,,,,,,,,,,0.060000,0.073684,0.000000,,,,,20260120_113246,task2_visualized_cropped_v4_test_4b_20260120_113246,/mnt/data/sgsilva/vlm-evaluation/results/final/task2_visualized_cropped_v4_test_4b_20260120_113246.json
2026-02-12,qwen3-vl-4b-4epochs-task2-v6-step332,True,False,task2,visualized_cropped_v6,4399,25,,,,,,,,,,,,,0.041457,0.041602,0.000000,,,,,20260212_175358,task2_visualized_cropped_v6_test_step332_20260212_175358,/mnt/data/sgsilva/vlm-evaluation/results/final/task2_visualized_cropped_v6_test_step332_20260212_175358.json
2026-02-12,qwen3-vl-4b-instruct,False,True,task2,visualized_cropped_v6,4399,25,,,,,,,,,,,,,0.091269,0.103545,0.000000,,,,,20260212_145608,task2_visualized_cropped_v6_test_4b_baseline,/mnt/data/sgsilva/vlm-evaluation/results/final/task2_visualized_cropped_v6_test_4b_baseline.json
2026-02-12,qwen3-vl-4b-instruct,False,True,task2,visualized_cropped_v7_baseline,4399,25,,,,,,,,,,,,,0.191396,0.264488,0.000000,,,,,20260212_140729,task2_visualized_cropped_v7_baseline_4b,/mnt/data/sgsilva/vlm-evaluation/results/final/task2_visualized_cropped_v7_baseline_4b.json
2026-02-12,qwen3-vl-4b-4epochs-task2-v7-step329,True,True,task2,visualized_cropped_v7,4399,25,,,,,,,,,,,,,0.038801,0.043306,0.000000,,,,,20260212_145533,task2_visualized_cropped_v7_test_step329_20260212_145533,/mnt/data/sgsilva/vlm-evaluation/results/final/task2_visualized_cropped_v7_test_step329_20260212_145533.json
2026-02-12,qwen3-vl-4b-4epochs-task2-v7-step658,True,False,task2,visualized_cropped_v7,4399,25,,,,,,,,,,,,,0.020164,0.023167,0.000000,,,,,20260212_145908,task2_visualized_cropped_v7_test_step658_20260212_145908,/mnt/data/sgsilva/vlm-evaluation/results/final/task2_visualized_cropped_v7_test_step658_20260212_145908.json
2026-02-12,qwen3-vl-4b-4epochs-task2-v7-step987,True,False,task2,visualized_cropped_v7,4399,25,,,,,,,,,,,,,0.022140,0.026000,0.000000,,,,,20260212_145952,task2_visualized_cropped_v7_test_step987_20260212_145952,/mnt/data/sgsilva/vlm-evaluation/results/final/task2_visualized_cropped_v7_test_step987_20260212_145952.json
2026-02-12,qwen3-vl-4b-instruct,False,True,task2,visualized_cropped_v8_baseline,4399,25,,,,,,,,,,,,,0.203917,0.272798,0.000909,,,,,20260212_170349,task2_visualized_cropped_v8_baseline_4b,/mnt/data/sgsilva/vlm-evaluation/results/final/task2_visualized_cropped_v8_baseline_4b.json
2026-02-12,qwen3-vl-4b-4epochs-task2-v8-step329,True,False,task2,visualized_cropped_v8,1850,25,,,,,,,,,,,,,0.060492,0.061138,0.000000,,,,,20260212_164702,task2_visualized_cropped_v8_test_step329_20260212_164702,/mnt/data/sgsilva/vlm-evaluation/results/final/task2_visualized_cropped_v8_test_step329_20260212_164702.json
2026-02-12,qwen3-vl-4b-4epochs-task2-v8-step658,True,True,task2,visualized_cropped_v8,600,25,,,,,,,,,,,,,0.063655,0.066417,0.000000,,,,,20260212_164923,task2_visualized_cropped_v8_test_step658_20260212_164923,/mnt/data/sgsilva/vlm-evaluation/results/final/task2_visualized_cropped_v8_test_step658_20260212_164923.json
2026-02-12,qwen3-vl-4b-instruct,False,True,task2,visualized_cropped_v9_baseline,2000,25,,,,,,,,,,,,,0.211000,0.320000,0.192000,,,,,20260212_172021,task2_visualized_cropped_v9_baseline_4b,/mnt/data/sgsilva/vlm-evaluation/results/final/task2_visualized_cropped_v9_baseline_4b.json
2026-02-11,qwen3-vl-4b-4epochs-task2-v5-step332,True,False,task2,visualized_v5,4399,25,,,,,,,,,,,,,0.043146,0.041304,0.000000,,,,,20260211_181936,task2_visualized_v5_test_step332_20260211_181936,/mnt/data/sgsilva/vlm-evaluation/results/final/task2_visualized_v5_test_step332_20260211_181936.json
2026-02-11,qwen3-vl-4b-instruct,False,True,task2,visualized_v5,4399,25,,,,,,,,,,,,,0.078040,0.095314,0.000000,,,,,20260211_152106,task2_visualized_v5_test_4b_baseline,/mnt/data/sgsilva/vlm-evaluation/results/final/task2_visualized_v5_test_4b_baseline.json
2026-02-18,qwen3-vl-4b-instruct,False,True,task3a,baseline_mixed_final,4399,25,,,0.000000,0.508297,0.000000,,,,,,,,,0.000000,,0.491703,,,,20260218_180758,task3a_baseline_mixed_final_20260218_180758,/mnt/data/sgsilva/vlm-evaluation/results/final/task3a_baseline_mixed_final_20260218_180758.json
2026-02-18,qwen3-vl-4b-4epochs-mixed-final-a-step1125,True,False,task3a,mixed_final_a,4399,25,,,0.044822,0.046677,0.045635,,,,,,,,,0.012829,,0.491703,,,,20260218_180619,task3a_mixed_final_a_test_step1125_20260218_180619,/mnt/data/sgsilva/vlm-evaluation/results/final/task3a_mixed_final_a_test_step1125_20260218_180619.json
2026-02-19,qwen3-vl-4b-4epochs-mixed-final-a-step2250,True,True,task3a,mixed_final_a,4399,25,,,0.508297,0.508297,0.508297,,,,,,,,,0.000000,,0.508297,,,,20260219_102428,task3a_mixed_final_a_test_step2250_20260219_102428,/mnt/data/sgsilva/vlm-evaluation/results/final/task3a_mixed_final_a_test_step2250_20260219_102428.json
2026-02-19,qwen3-vl-4b-4epochs-mixed-final-a-step4500,True,False,task3a,mixed_final_a,4399,25,,,0.081747,0.081622,0.082576,,,,,,,,,0.002543,,0.492839,,,,20260219_131242,task3a_mixed_final_a_test_step4500_20260219_131242,/mnt/data/sgsilva/vlm-evaluation/results/final/task3a_mixed_final_a_test_step4500_20260219_131242.json
2026-01-07,qwen3-vl-4b-instruct,False,False,task3a,v1_high_error,4399,25,,,0.071910,0.183155,0.052929,,,,,,,,,0.000000,,0.795863,,,,20260107_214044,task3a_v1_high_error_4b_20260107_214044,/mnt/data/sgsilva/vlm-evaluation/results/final/task3a_v1_high_error_4b_20260107_214044.json
2026-01-15,gemini-3-pro-preview,False,True,task3a,v1_high_error,100,25,,,0.460980,0.512151,0.490833,,,,,,,,,0.000000,,0.850000,,,,20260115_210858,task3a_v1_high_error_test100_gemini3_20260115_210858,/mnt/data/sgsilva/vlm-evaluation/results/final/task3a_v1_high_error_test100_gemini3_20260115_210858.json
2026-01-20,qwen3-vl-4b-4epochs-task3a-high-step646,True,False,task3a,v1_high_error,4399,25,,,0.192510,0.191882,0.193661,,,,,,,,,0.000000,,0.795863,,,,20260120_162042,task3a_v1_high_error_test_step646_20260120_162042,/mnt/data/sgsilva/vlm-evaluation/results/final/task3a_v1_high_error_test_step646_20260120_162042.json
2026-01-20,qwen3-vl-4b-4epochs-task3a-high-step969,True,False,task3a,v1_high_error,4399,25,,,0.191759,0.191669,0.192354,,,,,,,,,0.000000,,0.795863,,,,20260120_173840,task3a_v1_high_error_test_step969_20260120_173840,/mnt/data/sgsilva/vlm-evaluation/results/final/task3a_v1_high_error_test_step969_20260120_173840.json
2026-01-20,qwen3-vl-4b-4epochs-task3a-high-step1292,True,False,task3a,v1_high_error,4399,25,,,0.192046,0.192673,0.191881,,,,,,,,,0.000000,,0.795863,,,,20260120_163201,task3a_v1_high_error_test_step1292_20260120_163201,/mnt/data/sgsilva/vlm-evaluation/results/final/task3a_v1_high_error_test_step1292_20260120_163201.json
2026-01-06,qwen3-vl-235b-a22b-instruct,False,False,task3a,v1_mixed,4399,25,,,0.031765,0.153969,0.023358,,,,,,,,,0.000000,,0.494658,,,,20260106_180536,task3a_v1_mixed_235b_20260106_180536,/mnt/data/sgsilva/vlm-evaluation/results/final/task3a_v1_mixed_235b_20260106_180536.json
2026-01-07,qwen3-vl-4b-instruct,False,False,task3a,v1_mixed,4399,25,,,0.036888,0.092075,0.031825,,,,,,,,,0.000000,,0.494658,,,,20260107_214044,task3a_v1_mixed_4b_20260107_214044,/mnt/data/sgsilva/vlm-evaluation/results/final/task3a_v1_mixed_4b_20260107_214044.json
2026-01-15,gemini-3-pro-preview,False,True,task3a,v1_mixed,100,25,,,0.415938,0.469163,0.447500,,,,,,,,,0.000000,,0.590000,,,,20260115_210858,task3a_v1_mixed_test100_gemini3_20260115_210858,/mnt/data/sgsilva/vlm-evaluation/results/final/task3a_v1_mixed_test100_gemini3_20260115_210858.json
2026-02-18,qwen3-vl-4b-instruct,False,True,task3b,baseline_mixed_final,4399,25,0.104363,,0.115144,0.333095,0.129461,264.135846,,,,,,,,0.044786,,0.707434,,,,20260218_180758,task3b_baseline_mixed_final_20260218_180758,/mnt/data/sgsilva/vlm-evaluation/results/final/task3b_baseline_mixed_final_20260218_180758.json
2026-02-18,qwen3-vl-4b-4epochs-mixed-final-a-step1125,True,False,task3b,mixed_final_a,4399,25,0.088127,,0.411836,0.891339,0.344844,366.262737,,,,,,,,0.010519,,0.746306,,,,20260218_180619,task3b_mixed_final_a_test_step1125_20260218_180619,/mnt/data/sgsilva/vlm-evaluation/results/final/task3b_mixed_final_a_test_step1125_20260218_180619.json
2026-02-19,qwen3-vl-4b-4epochs-mixed-final-a-step2250,True,False,task3b,mixed_final_a,4399,25,0.088942,,0.436690,0.920891,0.367527,379.467473,,,,,,,,0.007387,,0.746306,,,,20260219_102428,task3b_mixed_final_a_test_step2250_20260219_102428,/mnt/data/sgsilva/vlm-evaluation/results/final/task3b_mixed_final_a_test_step2250_20260219_102428.json
2026-02-19,qwen3-vl-4b-4epochs-mixed-final-a-step4500,True,True,task3b,mixed_final_a,4399,25,0.105420,,0.440638,0.924301,0.371819,350.538968,,,,,,,,0.006940,,0.746306,,,,20260219_131242,task3b_mixed_final_a_test_step4500_20260219_131242,/mnt/data/sgsilva/vlm-evaluation/results/final/task3b_mixed_final_a_test_step4500_20260219_131242.json
2026-02-13,unknown,True,False,task3b,mixed_v2_phase1,2400,25,0.145723,,0.926430,0.911476,0.946289,260.433478,,,,,,,,0.006435,,1.000000,,,,20260213_142948,task3b_mixed_v2_phase1_test_step843_20260213_142948,/mnt/data/sgsilva/vlm-evaluation/results/final/task3b_mixed_v2_phase1_test_step843_20260213_142948.json
2026-02-13,unknown,True,True,task3b,mixed_v2_phase1,1150,25,0.219064,,0.989759,0.990894,0.988841,257.515376,,,,,,,,0.000393,,1.000000,,,,20260213_143422,task3b_mixed_v2_phase1_test_step1686_20260213_143422,/mnt/data/sgsilva/vlm-evaluation/results/final/task3b_mixed_v2_phase1_test_step1686_20260213_143422.json
2026-02-13,qwen3-vl-4b-4epochs-mixed-v3-step1125,True,False,task3b,mixed_v3,4399,25,0.112151,,0.939718,0.936246,0.945355,315.119001,,,,,,,,0.005066,,1.000000,,,,20260213_163322,task3b_mixed_v3_test_step1125_20260213_163322,/mnt/data/sgsilva/vlm-evaluation/results/final/task3b_mixed_v3_test_step1125_20260213_163322.json
2026-02-13,qwen3-vl-4b-4epochs-mixed-v3-step2250,True,False,task3b,mixed_v3,4399,25,0.107564,,0.950431,0.955060,0.949457,333.360229,,,,,,,,0.004823,,1.000000,,,,20260213_174924,task3b_mixed_v3_test_step2250_20260213_174924,/mnt/data/sgsilva/vlm-evaluation/results/final/task3b_mixed_v3_test_step2250_20260213_174924.json
2026-02-13,qwen3-vl-4b-4epochs-mixed-v3-step3375,True,False,task3b,mixed_v3,4399,25,0.115112,,0.993929,0.993239,0.995166,325.798589,,,,,,,,0.000159,,1.000000,,,,20260213_181506,task3b_mixed_v3_test_step3375_20260213_181506,/mnt/data/sgsilva/vlm-evaluation/results/final/task3b_mixed_v3_test_step3375_20260213_181506.json
2026-02-13,qwen3-vl-4b-4epochs-mixed-v3-step4500,True,True,task3b,mixed_v3,4399,25,0.116810,,0.994848,0.994211,0.995932,319.882011,,,,,,,,0.000216,,1.000000,,,,20260213_182014,task3b_mixed_v3_test_step4500_20260213_182014,/mnt/data/sgsilva/vlm-evaluation/results/final/task3b_mixed_v3_test_step4500_20260213_182014.json
2026-02-16,qwen3-vl-4b-4epochs-mixed-v4-weighted-step1125,True,True,task3b,mixed_v4_weighted,4399,25,0.103960,,0.840058,0.835876,0.848611,320.726461,,,,,,,,0.014222,,1.000000,,,,20260216_140503,task3b_mixed_v4_weighted_test_step1125_20260216_140503,/mnt/data/sgsilva/vlm-evaluation/results/final/task3b_mixed_v4_weighted_test_step1125_20260216_140503.json
2026-01-15,gemini-3-pro-preview,False,True,task3b,v1_high_missing,100,25,,,0.694428,0.917865,0.591595,,,,,,,,,0.000000,,1.000000,,,,20260115_210858,task3b_v1_high_missing_test100_gemini3_20260115_210858,/mnt/data/sgsilva/vlm-evaluation/results/final/task3b_v1_high_missing_test100_gemini3_20260115_210858.json
2026-01-15,gemini-3-pro-preview,False,False,task3b,v1_low_missing,100,25,,,0.685443,0.820988,0.624167,26.403512,,,,,,,,0.000000,,1.000000,,,,20260115_210858,task3b_v1_low_missing_test100_gemini3_20260115_210858,/mnt/data/sgsilva/vlm-evaluation/results/final/task3b_v1_low_missing_test100_gemini3_20260115_210858.json
2026-01-21,qwen3-vl-4b-4epochs-task3b-low-missing-step377,True,False,task3b,v1_low_missing,4399,25,0.201790,,0.656624,0.646185,0.671549,177.066967,,,,,,,,0.047522,,1.000000,,,,20260121_180951,task3b_v1_low_missing_test_step377_20260121_180951,/mnt/data/sgsilva/vlm-evaluation/results/final/task3b_v1_low_missing_test_step377_20260121_180951.json
2026-01-21,qwen3-vl-4b-4epochs-task3b-low-missing-step754,True,False,task3b,v1_low_missing,4399,25,0.257216,,0.750353,0.748737,0.756251,162.230062,,,,,,,,0.031276,,1.000000,,,,20260121_223854,task3b_v1_low_missing_test_step754_20260121_223854,/mnt/data/sgsilva/vlm-evaluation/results/final/task3b_v1_low_missing_test_step754_20260121_223854.json
2026-01-21,qwen3-vl-4b-4epochs-task3b-low-missing-step1131,True,True,task3b,v1_low_missing,4399,25,0.254710,,0.769739,0.785878,0.759975,153.674225,,,,,,,,0.025347,,1.000000,,,,20260121_223639,task3b_v1_low_missing_test_step1131_20260121_223639,/mnt/data/sgsilva/vlm-evaluation/results/final/task3b_v1_low_missing_test_step1131_20260121_223639.json
2026-01-23,4b_4epochs_task3b_low_missing-step1352,True,False,task3b,v1_low_missing,4399,25,0.254386,,0.747445,0.757580,0.742483,148.322479,,,,,,,,0.028845,,1.000000,,,,20260123_145328,task3b_v1_low_missing_test_step1352_new_20260123_145328,/mnt/data/sgsilva/vlm-evaluation/results/final/task3b_v1_low_missing_test_step1352_new_20260123_145328.json
2026-01-22,qwen3-vl-4b-4epochs-task3b-low-missing-step1504,True,False,task3b,v1_low_missing,4399,25,0.253209,,0.769440,0.778348,0.765232,155.697258,,,,,,,,0.026586,,1.000000,,,,20260122_095555,task3b_v1_low_missing_test_step1504_20260122_095555,/mnt/data/sgsilva/vlm-evaluation/results/final/task3b_v1_low_missing_test_step1504_20260122_095555.json
2026-01-08,qwen3-vl-4b-instruct,False,False,task3b,v1_low_missing,1200,25,0.083810,,0.408365,0.272477,0.865579,303.515141,,,,,,,,0.028214,,1.000000,,,,20260108_135056,task3b_v1_low_missing_test_4b_20260108_135056,/mnt/data/sgsilva/vlm-evaluation/results/final/task3b_v1_low_missing_test_4b_20260108_135056.json
2026-02-18,qwen3-vl-4b-instruct,False,True,task3c,baseline_mixed_final,4399,25,0.116351,,0.054610,0.056051,0.060442,243.233219,,,,,,,,0.082157,,0.756990,,,,20260218_180758,task3c_baseline_mixed_final_20260218_180758,/mnt/data/sgsilva/vlm-evaluation/results/final/task3c_baseline_mixed_final_20260218_180758.json
2026-02-18,qwen3-vl-4b-4epochs-mixed-final-a-step1125,True,False,task3c,mixed_final_a,4399,25,0.081176,,0.350239,0.577177,0.285008,389.391227,,,,,,,,0.040636,,0.756990,,,,20260218_180619,task3c_mixed_final_a_test_step1125_20260218_180619,/mnt/data/sgsilva/vlm-evaluation/results/final/task3c_mixed_final_a_test_step1125_20260218_180619.json
2026-02-19,qwen3-vl-4b-4epochs-mixed-final-a-step2250,True,True,task3c,mixed_final_a,4399,25,0.082800,,0.423536,0.692430,0.346480,382.029501,,,,,,,,0.039530,,0.756990,,,,20260219_102428,task3c_mixed_final_a_test_step2250_20260219_102428,/mnt/data/sgsilva/vlm-evaluation/results/final/task3c_mixed_final_a_test_step2250_20260219_102428.json
2026-02-19,qwen3-vl-4b-4epochs-mixed-final-a-step4500,True,False,task3c,mixed_final_a,4399,25,0.101447,,0.398628,0.648784,0.327203,351.784715,,,,,,,,0.041827,,0.756990,,,,20260219_131242,task3c_mixed_final_a_test_step4500_20260219_131242,/mnt/data/sgsilva/vlm-evaluation/results/final/task3c_mixed_final_a_test_step4500_20260219_131242.json
2026-02-13,qwen3-vl-4b-4epochs-mixed-v3-step1125,True,False,task3c,mixed_v3,4399,25,0.104196,,0.930641,0.930650,0.930634,322.377341,,,,,,,,0.010912,,1.000000,,,,20260213_163322,task3c_mixed_v3_test_step1125_20260213_163322,/mnt/data/sgsilva/vlm-evaluation/results/final/task3c_mixed_v3_test_step1125_20260213_163322.json
2026-02-13,qwen3-vl-4b-4epochs-mixed-v3-step2250,True,False,task3c,mixed_v3,4399,25,0.102273,,0.973740,0.973755,0.973728,336.861323,,,,,,,,0.003053,,1.000000,,,,20260213_174924,task3c_mixed_v3_test_step2250_20260213_174924,/mnt/data/sgsilva/vlm-evaluation/results/final/task3c_mixed_v3_test_step2250_20260213_174924.json
2026-02-13,qwen3-vl-4b-4epochs-mixed-v3-step3375,True,False,task3c,mixed_v3,4399,25,0.111703,,0.980390,0.980434,0.980353,329.128454,,,,,,,,0.001526,,1.000000,,,,20260213_181506,task3c_mixed_v3_test_step3375_20260213_181506,/mnt/data/sgsilva/vlm-evaluation/results/final/task3c_mixed_v3_test_step3375_20260213_181506.json
2026-02-13,qwen3-vl-4b-4epochs-mixed-v3-step4500,True,True,task3c,mixed_v3,4399,25,0.105588,,0.987114,0.987203,0.987043,331.435772,,,,,,,,0.001072,,1.000000,,,,20260213_182014,task3c_mixed_v3_test_step4500_20260213_182014,/mnt/data/sgsilva/vlm-evaluation/results/final/task3c_mixed_v3_test_step4500_20260213_182014.json
2026-02-16,qwen3-vl-4b-4epochs-mixed-v4-weighted-step1125,True,True,task3c,mixed_v4_weighted,4399,25,0.095647,,0.862871,0.863899,0.862014,334.078764,,,,,,,,0.020881,,1.000000,,,,20260216_140503,task3c_mixed_v4_weighted_test_step1125_20260216_140503,/mnt/data/sgsilva/vlm-evaluation/results/final/task3c_mixed_v4_weighted_test_step1125_20260216_140503.json
2026-01-15,gemini-3-pro-preview,False,False,task3c,v1_background_displacement,100,25,,,0.092589,0.162714,0.070000,,,,,,,,,0.000000,,0.890000,,,,20260115_210858,task3c_v1_background_displacement_test100_gemini3_20260115_210858,/mnt/data/sgsilva/vlm-evaluation/results/final/task3c_v1_background_displacement_test100_gemini3_20260115_210858.json
2026-01-23,4b_4epochs_task3c_background_displacement-step338,True,False,task3c,v1_background_displacement,4399,25,0.248614,,0.695169,0.696744,0.693989,152.018872,,,,,,,,0.051018,,1.000000,,,,20260123_113756,task3c_v1_background_displacement_test_step338_20260123_113756,/mnt/data/sgsilva/vlm-evaluation/results/final/task3c_v1_background_displacement_test_step338_20260123_113756.json
2026-01-23,4b_4epochs_task3c_background_displacement-step676,True,False,task3c,v1_background_displacement,4399,25,0.210145,,0.670752,0.672419,0.669405,178.706882,,,,,,,,0.059591,,1.000000,,,,20260123_120818,task3c_v1_background_displacement_test_step676_20260123_120818,/mnt/data/sgsilva/vlm-evaluation/results/final/task3c_v1_background_displacement_test_step676_20260123_120818.json
2026-01-24,4b_4epochs_task3c_background_displacement-step1014,True,False,task3c,v1_background_displacement,4399,25,0.240914,,0.705434,0.707136,0.704056,163.368718,,,,,,,,0.054363,,1.000000,,,,20260124_143439,task3c_v1_background_displacement_test_step1014_20260124_143439,/mnt/data/sgsilva/vlm-evaluation/results/final/task3c_v1_background_displacement_test_step1014_20260124_143439.json
2026-01-24,4b_4epochs_task3c_background_displacement-step1352,True,True,task3c,v1_background_displacement,4399,25,0.234252,,0.715246,0.717799,0.713214,164.450369,,,,,,,,0.047836,,1.000000,,,,20260124_143610,task3c_v1_background_displacement_test_step1352_20260124_143610,/mnt/data/sgsilva/vlm-evaluation/results/final/task3c_v1_background_displacement_test_step1352_20260124_143610.json
2026-01-19,qwen3-vl-4b-instruct,False,False,task3c,v1_background_displacement,4399,25,0.075459,,0.441499,0.328354,0.749781,285.971157,,,,,,,,0.076251,,1.000000,,,,20260119_140814,task3c_v1_background_displacement_test_4b_20260119_140814,/mnt/data/sgsilva/vlm-evaluation/results/final/task3c_v1_background_displacement_test_4b_20260119_140814.json
2026-01-15,gemini-3-pro-preview,False,False,task3c,v1_small_displacement,97,25,,,0.086616,0.158910,0.063328,,,,,,,,,0.000000,,0.896907,,,,20260115_210858,task3c_v1_small_displacement_test100_gemini3_20260115_210858,/mnt/data/sgsilva/vlm-evaluation/results/final/task3c_v1_small_displacement_test100_gemini3_20260115_210858.json
2026-01-23,4b_4epochs_task3c_small_displacement-step338,True,False,task3c,v1_small_displacement,4399,25,0.256419,,0.694403,0.699770,0.689994,166.000222,,,,,,,,0.056896,,1.000000,,,,20260123_112609,task3c_v1_small_displacement_test_step338_20260123_112609,/mnt/data/sgsilva/vlm-evaluation/results/final/task3c_v1_small_displacement_test_step338_20260123_112609.json
2026-01-23,4b_4epochs_task3c_small_displacement-step676,True,False,task3c,v1_small_displacement,4399,25,0.223220,,0.719353,0.724094,0.715487,169.278537,,,,,,,,0.040788,,1.000000,,,,20260123_115106,task3c_v1_small_displacement_test_step676_20260123_115106,/mnt/data/sgsilva/vlm-evaluation/results/final/task3c_v1_small_displacement_test_step676_20260123_115106.json
2026-01-23,4b_4epochs_task3c_small_displacement-step1014,True,False,task3c,v1_small_displacement,4399,25,0.233246,,0.730517,0.735489,0.726561,169.629083,,,,,,,,0.041308,,1.000000,,,,20260123_121630,task3c_v1_small_displacement_test_step1014_20260123_121630,/mnt/data/sgsilva/vlm-evaluation/results/final/task3c_v1_small_displacement_test_step1014_20260123_121630.json
2026-01-23,4b_4epochs_task3c_small_displacement-step1352,True,True,task3c,v1_small_displacement,4399,25,0.256050,,0.736964,0.742265,0.732731,153.323818,,,,,,,,0.038710,,1.000000,,,,20260123_145051,task3c_v1_small_displacement_test_step1352_20260123_145051,/mnt/data/sgsilva/vlm-evaluation/results/final/task3c_v1_small_displacement_test_step1352_20260123_145051.json
2026-01-19,qwen3-vl-4b-instruct,False,False,task3c,v1_small_displacement,4399,25,0.075619,,0.441623,0.328413,0.750170,285.945698,,,,,,,,0.076511,,1.000000,,,,20260119_140814,task3c_v1_small_displacement_test_4b_20260119_140814,/mnt/data/sgsilva/vlm-evaluation/results/final/task3c_v1_small_displacement_test_4b_20260119_140814.json
2026-02-18,qwen3-vl-4b-instruct,False,True,task3d,baseline_mixed_final,4399,25,0.106050,,0.072098,0.072187,0.085027,244.207647,,,,,,,,0.088862,,0.753808,,,,20260218_180758,task3d_baseline_mixed_final_20260218_180758,/mnt/data/sgsilva/vlm-evaluation/results/final/task3d_baseline_mixed_final_20260218_180758.json
2026-02-18,qwen3-vl-4b-4epochs-mixed-final-a-step1125,True,False,task3d,mixed_final_a,4399,25,0.081339,,0.396461,0.645601,0.324907,382.775114,,,,,,,,0.036223,,0.753808,,,,20260218_180619,task3d_mixed_final_a_test_step1125_20260218_180619,/mnt/data/sgsilva/vlm-evaluation/results/final/task3d_mixed_final_a_test_step1125_20260218_180619.json
2026-02-19,qwen3-vl-4b-4epochs-mixed-final-a-step2250,True,False,task3d,mixed_final_a,4399,25,0.083740,,0.402839,0.654012,0.330545,377.069660,,,,,,,,0.034570,,0.753808,,,,20260219_102428,task3d_mixed_final_a_test_step2250_20260219_102428,/mnt/data/sgsilva/vlm-evaluation/results/final/task3d_mixed_final_a_test_step2250_20260219_102428.json
2026-02-19,qwen3-vl-4b-4epochs-mixed-final-a-step4500,True,True,task3d,mixed_final_a,4399,25,0.097397,,0.410083,0.668334,0.335876,344.811719,,,,,,,,0.035796,,0.753808,,,,20260219_131242,task3d_mixed_final_a_test_step4500_20260219_131242,/mnt/data/sgsilva/vlm-evaluation/results/final/task3d_mixed_final_a_test_step4500_20260219_131242.json
2026-02-13,qwen3-vl-4b-4epochs-mixed-v3-step1125,True,False,task3d,mixed_v3,4399,25,0.107066,,0.661933,0.661946,0.661923,319.620600,,,,,,,,0.004840,,0.704478,,,,20260213_163322,task3d_mixed_v3_test_step1125_20260213_163322,/mnt/data/sgsilva/vlm-evaluation/results/final/task3d_mixed_v3_test_step1125_20260213_163322.json
2026-02-13,qwen3-vl-4b-4epochs-mixed-v3-step2250,True,True,task3d,mixed_v3,4399,25,0.101321,,0.692112,0.692112,0.692112,332.740162,,,,,,,,0.001291,,0.704478,,,,20260213_174924,task3d_mixed_v3_test_step2250_20260213_174924,/mnt/data/sgsilva/vlm-evaluation/results/final/task3d_mixed_v3_test_step2250_20260213_174924.json
2026-02-13,qwen3-vl-4b-4epochs-mixed-v3-step3375,True,False,task3d,mixed_v3,4399,25,0.106745,,0.692112,0.692112,0.692112,327.499620,,,,,,,,0.001355,,0.704478,,,,20260213_181506,task3d_mixed_v3_test_step3375_20260213_181506,/mnt/data/sgsilva/vlm-evaluation/results/final/task3d_mixed_v3_test_step3375_20260213_181506.json
2026-02-13,qwen3-vl-4b-4epochs-mixed-v3-step4500,True,False,task3d,mixed_v3,4399,25,0.111842,,0.690293,0.690293,0.690293,320.357597,,,,,,,,0.001742,,0.704478,,,,20260213_182014,task3d_mixed_v3_test_step4500_20260213_182014,/mnt/data/sgsilva/vlm-evaluation/results/final/task3d_mixed_v3_test_step4500_20260213_182014.json
2026-02-16,qwen3-vl-4b-4epochs-mixed-v4-weighted-step1125,True,True,task3d,mixed_v4_weighted,4399,25,0.100405,,0.622050,0.622050,0.622050,326.136184,,,,,,,,0.012262,,0.704478,,,,20260216_140503,task3d_mixed_v4_weighted_test_step1125_20260216_140503,/mnt/data/sgsilva/vlm-evaluation/results/final/task3d_mixed_v4_weighted_test_step1125_20260216_140503.json
2026-02-17,qwen3-vl-4b-4epochs-mixed-v6-step987,True,True,task3d,mixed_v6,500,25,0.096586,,0.622400,0.622400,0.622400,337.806519,,,,,,,,0.010615,,0.716000,,,,20260217_101911,task3d_mixed_v6_test_step987_quick,/mnt/data/sgsilva/vlm-evaluation/results/final/task3d_mixed_v6_test_step987_quick.json
2026-02-17,qwen3-vl-4b-2epochs-mixed-v7-step315,True,False,task3d,mixed_v7,4399,25,0.082777,,0.575517,0.575555,0.575494,354.582156,,,,,,,,0.019684,,0.704478,,,,20260217_111402,task3d_mixed_v7_test_step315_20260217_111402,/mnt/data/sgsilva/vlm-evaluation/results/final/task3d_mixed_v7_test_step315_20260217_111402.json
2026-02-17,qwen3-vl-4b-2epochs-mixed-v7-step630,True,True,task3d,mixed_v7,4399,25,0.103745,,0.622141,0.622141,0.622141,320.757598,,,,,,,,0.013295,,0.704478,,,,20260217_122131,task3d_mixed_v7_test_step630_20260217_122131,/mnt/data/sgsilva/vlm-evaluation/results/final/task3d_mixed_v7_test_step630_20260217_122131.json
2026-01-15,gemini-3-pro-preview,False,True,task3d,v1_challenging,100,25,,,0.555332,0.655656,0.520000,,,,,,,,,0.000000,,0.950000,,,,20260115_210858,task3d_v1_challenging_test100_gemini3_20260115_210858,/mnt/data/sgsilva/vlm-evaluation/results/final/task3d_v1_challenging_test100_gemini3_20260115_210858.json
2026-01-19,qwen3-vl-4b-instruct,False,False,task3d,v1_challenging,4399,25,0.058594,,0.486694,0.343119,0.873510,302.007283,,,,,,,,0.006592,,0.897704,,,,20260119_145541,task3d_v1_challenging_test_4b_20260119_145541,/mnt/data/sgsilva/vlm-evaluation/results/final/task3d_v1_challenging_test_4b_20260119_145541.json
2026-01-15,gemini-3-pro-preview,False,False,task3d,v1_mixed,100,25,,,0.467694,0.557623,0.446000,,,,,,,,,0.000000,,0.840000,,,,20260115_210858,task3d_v1_mixed_test100_gemini3_20260115_210858,/mnt/data/sgsilva/vlm-evaluation/results/final/task3d_v1_mixed_test100_gemini3_20260115_210858.json
2026-02-12,qwen3-vl-4b-4epochs-task3d_mixed-step338,True,True,task3d,v1_mixed,4399,25,0.096190,,0.650921,0.650921,0.650921,313.180213,,,,,,,,0.006389,,0.704478,,,,20260212_110524,task3d_v1_mixed_test_step338_20260212_110524,/mnt/data/sgsilva/vlm-evaluation/results/final/task3d_v1_mixed_test_step338_20260212_110524.json
2026-01-19,qwen3-vl-4b-instruct,False,False,task3d,v1_mixed,4399,25,0.056309,,0.298103,0.194211,0.680927,304.954672,,,,,,,,0.006229,,0.704706,,,,20260119_145541,task3d_v1_mixed_test_4b_20260119_145541,/mnt/data/sgsilva/vlm-evaluation/results/final/task3d_v1_mixed_test_4b_20260119_145541.json
2026-01-26,qwen3-vl-4b-4epochs-task4-mcqa-step338,True,False,task4,mcqa_v1,4399,25,,,0.896279,0.898676,0.896670,,,,,,,,,,,,0.896340,1.000000,3943,20260126_141702,task4_mcqa_v1_test_step338_20260126_141702,/mnt/data/sgsilva/vlm-evaluation/results/final/task4_mcqa_v1_test_step338_20260126_141702.json
2026-01-28,qwen3-vl-4b-4epochs-task4-mcqa-step338,True,False,task4,mcqa_v1,4399,25,,,0.896279,0.898676,0.896670,,,,,,,,,,,,0.896340,1.000000,3943,20260128_194732,task4_mcqa_v1_test_step338_20260128_194732,/mnt/data/sgsilva/vlm-evaluation/results/final/task4_mcqa_v1_test_step338_20260128_194732.json
2026-01-26,qwen3-vl-4b-4epochs-task4-mcqa-step676,True,False,task4,mcqa_v1,4399,25,,,0.932694,0.933778,0.932540,,,,,,,,,,,,0.932712,1.000000,4103,20260126_144034,task4_mcqa_v1_test_step676_20260126_144034,/mnt/data/sgsilva/vlm-evaluation/results/final/task4_mcqa_v1_test_step676_20260126_144034.json
2026-01-26,qwen3-vl-4b-4epochs-task4-mcqa-step1014,True,False,task4,mcqa_v1,4399,25,,,0.937024,0.937149,0.937070,,,,,,,,,,,,0.937031,1.000000,4122,20260126_145316,task4_mcqa_v1_test_step1014_20260126_145316,/mnt/data/sgsilva/vlm-evaluation/results/final/task4_mcqa_v1_test_step1014_20260126_145316.json
2026-01-26,qwen3-vl-4b-4epochs-task4-mcqa-step1352,True,True,task4,mcqa_v1,4399,25,,,0.952241,0.952256,0.952275,,,,,,,,,,,,0.952262,1.000000,4189,20260126_151101,task4_mcqa_v1_test_step1352_20260126_151101,/mnt/data/sgsilva/vlm-evaluation/results/final/task4_mcqa_v1_test_step1352_20260126_151101.json
2026-01-26,qwen3-vl-4b-instruct,False,False,task4,mcqa_v1,4399,25,,,0.842428,0.846417,0.842119,,,,,,,,,,,,0.842237,1.000000,3705,20260126_143142,task4_mcqa_v1_test_4b_20260126_143142,/mnt/data/sgsilva/vlm-evaluation/results/final/task4_mcqa_v1_test_4b_20260126_143142.json
2026-02-04,qwen3-vl-4b-instruct,False,True,task4,mcqa_v3,1812,25,,,0.972881,0.973814,0.972656,,,,,,,,,,,,0.973510,1.000000,1764,20260204_224529,task4_mcqa_v3_test_baseline_4b_20260204_224529,/mnt/data/sgsilva/vlm-evaluation/results/final/task4_mcqa_v3_test_baseline_4b_20260204_224529.json
2026-02-09,qwen3-vl-4b-instruct,False,True,task4,mcqa_v4.2,1013,25,,,0.939565,0.939687,0.942016,,,,,,,,,,,,0.939783,1.000000,952,20260209_102724,task4_mcqa_v4.2_test_baseline_4b_20260209_102724,/mnt/data/sgsilva/vlm-evaluation/results/final/task4_mcqa_v4.2_test_baseline_4b_20260209_102724.json
2026-02-09,qwen3-vl-4b-instruct,False,True,task4,mcqa_v4.3,1931,25,,,0.913008,0.914884,0.915752,,,,,,,,,,,,0.912998,1.000000,1763,20260209_110828,task4_mcqa_v4.3_test_baseline_4b_20260209_110828,/mnt/data/sgsilva/vlm-evaluation/results/final/task4_mcqa_v4.3_test_baseline_4b_20260209_110828.json
2026-02-09,qwen3-vl-4b-instruct,False,False,task4,mcqa_v4.3,1931,25,,,0.913008,0.914884,0.915752,,,,,,,,,,,,0.912998,1.000000,1763,20260209_121037,task4_mcqa_v4.3_test_baseline_4b_20260209_121037,/mnt/data/sgsilva/vlm-evaluation/results/final/task4_mcqa_v4.3_test_baseline_4b_20260209_121037.json
2026-02-09,qwen3-vl-4b-instruct,False,False,task4,mcqa_v5.1,3936,25,,,0.317162,0.343896,0.330137,,,,,,,,,,,,0.326728,1.000000,1286,20260209_113044,task4_mcqa_v5.1_test_baseline_4b_20260209_113044,/mnt/data/sgsilva/vlm-evaluation/results/final/task4_mcqa_v5.1_test_baseline_4b_20260209_113044.json
2026-02-09,qwen3-vl-4b-instruct,False,False,task4,mcqa_v5.1,3936,25,,,0.313541,0.335415,0.326251,,,,,,,,,,,,0.322917,1.000000,1271,20260209_131223,task4_mcqa_v5.1_test_baseline_4b_20260209_131223,/mnt/data/sgsilva/vlm-evaluation/results/final/task4_mcqa_v5.1_test_baseline_4b_20260209_131223.json
2026-02-09,qwen3-vl-235b-a22b-instruct,False,True,task4,mcqa_v5.1,200,25,,,0.358776,0.364895,0.365272,,,,,,,,,,,,0.360000,1.000000,72,20260209_115022,task4_mcqa_v5.1_test_quality_235b_20260209_115022,/mnt/data/sgsilva/vlm-evaluation/results/final/task4_mcqa_v5.1_test_quality_235b_20260209_115022.json
2026-02-09,qwen3-vl-4b-instruct,False,True,task4,mcqa_v5.2,3936,25,,,0.355763,0.382435,0.368245,,,,,,,,,,,,0.365091,1.000000,1437,20260209_170947,task4_mcqa_v5.2_test_baseline_4b_20260209_170947,/mnt/data/sgsilva/vlm-evaluation/results/final/task4_mcqa_v5.2_test_baseline_4b_20260209_170947.json
2026-02-18,qwen3-vl-4b-instruct,False,True,task4,mcqa_v5.3_baseline_mixed_final,3935,25,,,0.314882,0.337340,0.318749,,,,,,,,,,,,0.316645,1.000000,1246,20260218_180758,task4_mcqa_v5.3_baseline_mixed_final_20260218_180758,/mnt/data/sgsilva/vlm-evaluation/results/final/task4_mcqa_v5.3_baseline_mixed_final_20260218_180758.json
2026-02-18,qwen3-vl-4b-4epochs-mixed-final-a-step1125,True,True,task4,mcqa_v5.3_mixed_final_a,3935,25,,,0.386770,0.404996,0.396051,,,,,,,,,,,,0.392630,1.000000,1545,20260218_180619,task4_mcqa_v5.3_mixed_final_a_test_step1125_20260218_180619,/mnt/data/sgsilva/vlm-evaluation/results/final/task4_mcqa_v5.3_mixed_final_a_test_step1125_20260218_180619.json
2026-02-19,qwen3-vl-4b-4epochs-mixed-final-a-step2250,True,False,task4,mcqa_v5.3_mixed_final_a,3935,25,,,0.341734,0.347002,0.344551,,,,,,,,,,,,0.346125,1.000000,1362,20260219_102428,task4_mcqa_v5.3_mixed_final_a_test_step2250_20260219_102428,/mnt/data/sgsilva/vlm-evaluation/results/final/task4_mcqa_v5.3_mixed_final_a_test_step2250_20260219_102428.json
2026-02-19,qwen3-vl-4b-4epochs-mixed-final-a-step4500,True,False,task4,mcqa_v5.3_mixed_final_a,3935,25,,,0.351549,0.356437,0.354008,,,,,,,,,,,,0.354511,1.000000,1395,20260219_131242,task4_mcqa_v5.3_mixed_final_a_test_step4500_20260219_131242,/mnt/data/sgsilva/vlm-evaluation/results/final/task4_mcqa_v5.3_mixed_final_a_test_step4500_20260219_131242.json
2026-02-13,qwen3-vl-4b-4epochs-mixed-v3-step1125,True,False,task4,mcqa_v5.3_mixed_v3,3935,25,,,0.381664,0.404403,0.385876,,,,,,,,,,,,0.386277,1.000000,1520,20260213_163322,task4_mcqa_v5.3_mixed_v3_test_step1125_20260213_163322,/mnt/data/sgsilva/vlm-evaluation/results/final/task4_mcqa_v5.3_mixed_v3_test_step1125_20260213_163322.json
2026-02-13,qwen3-vl-4b-4epochs-mixed-v3-step2250,True,False,task4,mcqa_v5.3_mixed_v3,3935,25,,,0.380491,0.381443,0.381651,,,,,,,,,,,,0.382211,1.000000,1504,20260213_174924,task4_mcqa_v5.3_mixed_v3_test_step2250_20260213_174924,/mnt/data/sgsilva/vlm-evaluation/results/final/task4_mcqa_v5.3_mixed_v3_test_step2250_20260213_174924.json
2026-02-13,qwen3-vl-4b-4epochs-mixed-v3-step3375,True,False,task4,mcqa_v5.3_mixed_v3,3935,25,,,0.363635,0.382389,0.376234,,,,,,,,,,,,0.374333,1.000000,1473,20260213_181506,task4_mcqa_v5.3_mixed_v3_test_step3375_20260213_181506,/mnt/data/sgsilva/vlm-evaluation/results/final/task4_mcqa_v5.3_mixed_v3_test_step3375_20260213_181506.json
2026-02-13,qwen3-vl-4b-4epochs-mixed-v3-step4500,True,True,task4,mcqa_v5.3_mixed_v3,3935,25,,,0.386783,0.392584,0.391674,,,,,,,,,,,,0.390343,1.000000,1536,20260213_182014,task4_mcqa_v5.3_mixed_v3_test_step4500_20260213_182014,/mnt/data/sgsilva/vlm-evaluation/results/final/task4_mcqa_v5.3_mixed_v3_test_step4500_20260213_182014.json
2026-02-16,qwen3-vl-4b-4epochs-mixed-v4-weighted-step1125,True,True,task4,mcqa_v5.3_mixed_v4_weighted,3935,25,,,0.404036,0.416550,0.406874,,,,,,,,,,,,0.407116,1.000000,1602,20260216_140503,task4_mcqa_v5.3_mixed_v4_weighted_test_step1125_20260216_140503,/mnt/data/sgsilva/vlm-evaluation/results/final/task4_mcqa_v5.3_mixed_v4_weighted_test_step1125_20260216_140503.json
2026-02-11,qwen3-vl-4b-4epochs-task4-kpqa-v5.3-step365,True,False,task4,mcqa_v5.3,3935,25,,,0.295798,0.355945,0.326654,,,,,,,,,,,,0.325032,1.000000,1279,20260211_163754,task4_mcqa_v5.3_test_step365_4b_20260211_163754,/mnt/data/sgsilva/vlm-evaluation/results/final/task4_mcqa_v5.3_test_step365_4b_20260211_163754.json
2026-02-11,qwen3-vl-4b-4epochs-task4-kpqa-v5.3-step730,True,False,task4,mcqa_v5.3,3935,25,,,0.297273,0.413323,0.344789,,,,,,,,,,,,0.345616,1.000000,1360,20260211_170142,task4_mcqa_v5.3_test_step730_4b_20260211_170142,/mnt/data/sgsilva/vlm-evaluation/results/final/task4_mcqa_v5.3_test_step730_4b_20260211_170142.json
2026-02-11,qwen3-vl-4b-4epochs-task4-kpqa-v5.3-step1095,True,False,task4,mcqa_v5.3,3935,25,,,0.370372,0.376824,0.373149,,,,,,,,,,,,0.372046,1.000000,1464,20260211_182130,task4_mcqa_v5.3_test_step1095_4b_20260211_182130,/mnt/data/sgsilva/vlm-evaluation/results/final/task4_mcqa_v5.3_test_step1095_4b_20260211_182130.json
2026-02-12,qwen3-vl-4b-4epochs-task4-kpqa-v5.3-step1460,True,False,task4,mcqa_v5.3,3935,25,,,0.356836,0.363617,0.359332,,,,,,,,,,,,0.359339,1.000000,1414,20260212_111304,task4_mcqa_v5.3_test_step1460_4b_20260212_111304,/mnt/data/sgsilva/vlm-evaluation/results/final/task4_mcqa_v5.3_test_step1460_4b_20260212_111304.json
2026-02-11,qwen3-vl-4b-instruct,False,False,task4,mcqa_v5.3,3916,25,,,0.321110,0.350433,0.326549,,,,,,,,,,,,0.324566,1.000000,1271,20260211_104518,task4_mcqa_v5.3_test_baseline_4b_20260211_104518,/mnt/data/sgsilva/vlm-evaluation/results/final/task4_mcqa_v5.3_test_baseline_4b_20260211_104518.json
2026-02-11,qwen3-vl-4b-instruct,False,False,task4,mcqa_v5.3,15740,25,,,0.366505,0.385267,0.371160,,,,,,,,,,,,0.370457,1.000000,5831,20260211_123647,task4_mcqa_v5.3_test_baseline_4b_regen,/mnt/data/sgsilva/vlm-evaluation/results/final/task4_mcqa_v5.3_test_baseline_4b_regen.json
2026-02-11,qwen3-vl-4b-instruct,False,False,task4,mcqa_v5.3,3935,25,,,0.314882,0.337340,0.318749,,,,,,,,,,,,0.316645,1.000000,1246,20260211_135643,task4_mcqa_v5.3_test_baseline_4b_regen_filtered,/mnt/data/sgsilva/vlm-evaluation/results/final/task4_mcqa_v5.3_test_baseline_4b_regen_filtered.json
2026-02-12,qwen3-vl-4b-4epochs-task4-kpqa-v5.3-step730,True,True,task4,mcqa_v5.3,6500,25,,,0.380855,0.532445,0.433021,,,,,,,,,,,,0.434308,1.000000,2823,20260212_113036,task4_mcqa_v5.3_train_step730_4b_20260212_113036,/mnt/data/sgsilva/vlm-evaluation/results/final/task4_mcqa_v5.3_train_step730_4b_20260212_113036.json
2026-02-05,qwen3-vl-4b-instruct,False,True,task4,mcqa_v5_easy_baseline,500,25,,,0.284933,0.309144,0.318023,,,,,,,,,,,,0.318000,1.000000,159,20260205_214919,task4_mcqa_v5_easy_baseline_20260205_214919,/mnt/data/sgsilva/vlm-evaluation/results/final/task4_mcqa_v5_easy_baseline_20260205_214919.json
2026-02-05,qwen3-vl-4b-instruct,False,True,task4,mcqa_v5_pilot_baseline,500,25,,,0.297039,0.312674,0.300442,,,,,,,,,,,,0.300000,1.000000,150,20260205_152842,task4_mcqa_v5_pilot_baseline_20260205_152842,/mnt/data/sgsilva/vlm-evaluation/results/final/task4_mcqa_v5_pilot_baseline_20260205_152842.json
2026-02-06,qwen3-vl-4b-4epochs-task4-kpqa-v5-step108,True,False,task4,mcqa_v5,484,25,,,0.753805,0.787091,0.756566,,,,,,,,,,,,0.760331,1.000000,368,20260206_140247,task4_mcqa_v5_test_step108_4b_20260206_140247,/mnt/data/sgsilva/vlm-evaluation/results/final/task4_mcqa_v5_test_step108_4b_20260206_140247.json
2026-02-06,qwen3-vl-4b-4epochs-task4-kpqa-v5-step216,True,True,task4,mcqa_v5,484,25,,,0.776419,0.776442,0.776691,,,,,,,,,,,,0.776860,1.000000,376,20260206_141118,task4_mcqa_v5_test_step216_4b_20260206_141118,/mnt/data/sgsilva/vlm-evaluation/results/final/task4_mcqa_v5_test_step216_4b_20260206_141118.json
2026-02-06,qwen3-vl-4b-4epochs-task4-kpqa-v5-step324,True,False,task4,mcqa_v5,484,25,,,0.776419,0.776442,0.776691,,,,,,,,,,,,0.776860,1.000000,376,20260206_142114,task4_mcqa_v5_test_step324_4b_20260206_142114,/mnt/data/sgsilva/vlm-evaluation/results/final/task4_mcqa_v5_test_step324_4b_20260206_142114.json
2026-02-06,qwen3-vl-4b-4epochs-task4-kpqa-v5-step432,True,False,task4,mcqa_v5,484,25,,,0.768319,0.768986,0.768337,,,,,,,,,,,,0.768595,1.000000,372,20260206_143107,task4_mcqa_v5_test_step432_4b_20260206_143107,/mnt/data/sgsilva/vlm-evaluation/results/final/task4_mcqa_v5_test_step432_4b_20260206_143107.json
2026-02-06,qwen3-vl-4b-instruct,False,False,task4,mcqa_v5,484,25,,,0.367975,0.378768,0.406982,,,,,,,,,,,,0.402893,1.000000,195,20260206_121213,task4_mcqa_v5_test_baseline_4b_20260206_121213,/mnt/data/sgsilva/vlm-evaluation/results/final/task4_mcqa_v5_test_baseline_4b_20260206_121213.json
2026-02-12,qwen3-vl-4b-4epochs-task4-mcqa-v6.1.2-step320,True,False,task4,mcqa_v6.1.2,4399,25,,,0.974601,0.975144,0.974657,,,,,,,,,,,,0.974540,1.000000,4287,20260212_093734,task4_mcqa_v6.1.2_test_step320_4b_20260212_093734,/mnt/data/sgsilva/vlm-evaluation/results/final/task4_mcqa_v6.1.2_test_step320_4b_20260212_093734.json
2026-02-12,qwen3-vl-4b-4epochs-task4-mcqa-v6.1.2-step640,True,False,task4,mcqa_v6.1.2,4399,25,,,0.980233,0.980388,0.980262,,,,,,,,,,,,0.980223,1.000000,4312,20260212_095938,task4_mcqa_v6.1.2_test_step640_4b_20260212_095938,/mnt/data/sgsilva/vlm-evaluation/results/final/task4_mcqa_v6.1.2_test_step640_4b_20260212_095938.json
2026-02-12,qwen3-vl-4b-4epochs-task4-mcqa-v6.1.2-step960,True,False,task4,mcqa_v6.1.2,4399,25,,,0.987744,0.987769,0.987739,,,,,,,,,,,,0.987724,1.000000,4345,20260212_100053,task4_mcqa_v6.1.2_test_step960_4b_20260212_100053,/mnt/data/sgsilva/vlm-evaluation/results/final/task4_mcqa_v6.1.2_test_step960_4b_20260212_100053.json
2026-02-12,qwen3-vl-4b-4epochs-task4-mcqa-v6.1.2-step1280,True,True,task4,mcqa_v6.1.2,4399,25,,,0.988158,0.988148,0.988172,,,,,,,,,,,,0.988179,1.000000,4347,20260212_100228,task4_mcqa_v6.1.2_test_step1280_4b_20260212_100228,/mnt/data/sgsilva/vlm-evaluation/results/final/task4_mcqa_v6.1.2_test_step1280_4b_20260212_100228.json
2026-02-11,qwen3-vl-4b-instruct,False,False,task4,mcqa_v6.1.2,4399,25,,,0.629098,0.682743,0.658542,,,,,,,,,,,,0.656286,1.000000,2887,20260211_173607,task4_mcqa_v6.1.2_test_baseline_4b_20260211_173607,/mnt/data/sgsilva/vlm-evaluation/results/final/task4_mcqa_v6.1.2_test_baseline_4b_20260211_173607.json
2026-02-11,qwen3-vl-4b-instruct,False,True,task4,mcqa_v6.1,1114,25,,,0.737628,0.773389,0.750054,,,,,,,,,,,,0.749551,1.000000,835,20260211_172947,task4_mcqa_v6.1_test_baseline_4b_20260211_172947,/mnt/data/sgsilva/vlm-evaluation/results/final/task4_mcqa_v6.1_test_baseline_4b_20260211_172947.json
2026-02-11,qwen3-vl-4b-instruct,False,False,task4,mcqa_v6.1,1114,25,,,0.737628,0.773389,0.750054,,,,,,,,,,,,0.749551,1.000000,835,20260211_173643,task4_mcqa_v6.1_test_baseline_4b_20260211_173643,/mnt/data/sgsilva/vlm-evaluation/results/final/task4_mcqa_v6.1_test_baseline_4b_20260211_173643.json
2026-02-18,qwen3-vl-4b-instruct,False,True,task4,mcqa_v6.2_baseline_mixed_final,7872,25,,,0.471302,0.499928,0.495082,,,,,,,,,,,,0.493775,1.000000,3887,20260218_180758,task4_mcqa_v6.2_baseline_mixed_final_20260218_180758,/mnt/data/sgsilva/vlm-evaluation/results/final/task4_mcqa_v6.2_baseline_mixed_final_20260218_180758.json
2026-02-18,qwen3-vl-4b-4epochs-mixed-final-a-step1125,True,True,task4,mcqa_v6.2_mixed_final_a,7872,25,,,0.752047,0.754334,0.751818,,,,,,,,,,,,0.751651,1.000000,5917,20260218_180619,task4_mcqa_v6.2_mixed_final_a_test_step1125_20260218_180619,/mnt/data/sgsilva/vlm-evaluation/results/final/task4_mcqa_v6.2_mixed_final_a_test_step1125_20260218_180619.json
2026-02-19,qwen3-vl-4b-4epochs-mixed-final-a-step2250,True,False,task4,mcqa_v6.2_mixed_final_a,7872,25,,,0.746817,0.747323,0.746772,,,,,,,,,,,,0.746697,1.000000,5878,20260219_102428,task4_mcqa_v6.2_mixed_final_a_test_step2250_20260219_102428,/mnt/data/sgsilva/vlm-evaluation/results/final/task4_mcqa_v6.2_mixed_final_a_test_step2250_20260219_102428.json
2026-02-19,qwen3-vl-4b-4epochs-mixed-final-a-step4500,True,False,task4,mcqa_v6.2_mixed_final_a,7872,25,,,0.745925,0.747102,0.745576,,,,,,,,,,,,0.745554,1.000000,5869,20260219_131242,task4_mcqa_v6.2_mixed_final_a_test_step4500_20260219_131242,/mnt/data/sgsilva/vlm-evaluation/results/final/task4_mcqa_v6.2_mixed_final_a_test_step4500_20260219_131242.json
2026-02-13,qwen3-vl-4b-4epochs-mixed-v3-step1125,True,True,task4,mcqa_v6.2_mixed_v3,7872,25,,,0.750685,0.751955,0.750597,,,,,,,,,,,,0.750508,1.000000,5908,20260213_163322,task4_mcqa_v6.2_mixed_v3_test_step1125_20260213_163322,/mnt/data/sgsilva/vlm-evaluation/results/final/task4_mcqa_v6.2_mixed_v3_test_step1125_20260213_163322.json
2026-02-13,qwen3-vl-4b-4epochs-mixed-v3-step2250,True,False,task4,mcqa_v6.2_mixed_v3,7872,25,,,0.748878,0.749734,0.748640,,,,,,,,,,,,0.748603,1.000000,5893,20260213_174924,task4_mcqa_v6.2_mixed_v3_test_step2250_20260213_174924,/mnt/data/sgsilva/vlm-evaluation/results/final/task4_mcqa_v6.2_mixed_v3_test_step2250_20260213_174924.json
2026-02-13,qwen3-vl-4b-4epochs-mixed-v3-step3375,True,False,task4,mcqa_v6.2_mixed_v3,7872,25,,,0.746280,0.747012,0.746091,,,,,,,,,,,,0.746062,1.000000,5873,20260213_181506,task4_mcqa_v6.2_mixed_v3_test_step3375_20260213_181506,/mnt/data/sgsilva/vlm-evaluation/results/final/task4_mcqa_v6.2_mixed_v3_test_step3375_20260213_181506.json
2026-02-13,qwen3-vl-4b-4epochs-mixed-v3-step4500,True,False,task4,mcqa_v6.2_mixed_v3,7872,25,,,0.745470,0.745549,0.745441,,,,,,,,,,,,0.745427,1.000000,5868,20260213_182014,task4_mcqa_v6.2_mixed_v3_test_step4500_20260213_182014,/mnt/data/sgsilva/vlm-evaluation/results/final/task4_mcqa_v6.2_mixed_v3_test_step4500_20260213_182014.json
2026-02-16,qwen3-vl-4b-4epochs-mixed-v4-weighted-step1125,True,True,task4,mcqa_v6.2_mixed_v4_weighted,7872,25,,,0.764110,0.764196,0.764152,,,,,,,,,,,,0.764101,1.000000,6015,20260216_140503,task4_mcqa_v6.2_mixed_v4_weighted_test_step1125_20260216_140503,/mnt/data/sgsilva/vlm-evaluation/results/final/task4_mcqa_v6.2_mixed_v4_weighted_test_step1125_20260216_140503.json
2026-02-11,qwen3-vl-4b-4epochs-task4-mcqa-v6.2-step365,True,True,task4,mcqa_v6.2,7872,25,,,0.755705,0.764174,0.753861,,,,,,,,,,,,0.753811,1.000000,5934,20260211_111558,task4_mcqa_v6.2_test_step365_4b_20260211_111558,/mnt/data/sgsilva/vlm-evaluation/results/final/task4_mcqa_v6.2_test_step365_4b_20260211_111558.json
2026-02-11,qwen3-vl-4b-4epochs-task4-mcqa-v6.2-step365,True,False,task4,mcqa_v6.2,7872,25,,,0.745577,0.759052,0.742475,,,,,,,,,,,,0.742505,1.000000,5845,20260211_171358,task4_mcqa_v6.2_test_step365_4b_20260211_171358,/mnt/data/sgsilva/vlm-evaluation/results/final/task4_mcqa_v6.2_test_step365_4b_20260211_171358.json
2026-02-11,qwen3-vl-4b-4epochs-task4-mcqa-v6.2-step730,True,False,task4,mcqa_v6.2,7872,25,,,0.753995,0.761356,0.752459,,,,,,,,,,,,0.752414,1.000000,5923,20260211_115539,task4_mcqa_v6.2_test_step730_4b_20260211_115539,/mnt/data/sgsilva/vlm-evaluation/results/final/task4_mcqa_v6.2_test_step730_4b_20260211_115539.json
2026-02-11,qwen3-vl-4b-4epochs-task4-mcqa-v6.2-step1095,True,False,task4,mcqa_v6.2,7872,25,,,0.746724,0.748918,0.746459,,,,,,,,,,,,0.746316,1.000000,5875,20260211_174943,task4_mcqa_v6.2_test_step1095_4b_20260211_174943,/mnt/data/sgsilva/vlm-evaluation/results/final/task4_mcqa_v6.2_test_step1095_4b_20260211_174943.json
2026-02-11,qwen3-vl-4b-4epochs-task4-mcqa-v6.2-step1460,True,False,task4,mcqa_v6.2,7872,25,,,0.748837,0.749505,0.748610,,,,,,,,,,,,0.748603,1.000000,5893,20260211_175720,task4_mcqa_v6.2_test_step1460_4b_20260211_175720,/mnt/data/sgsilva/vlm-evaluation/results/final/task4_mcqa_v6.2_test_step1460_4b_20260211_175720.json
2026-02-10,qwen3-vl-4b-instruct,False,False,task4,mcqa_v6.2,7872,25,,,0.463204,0.485724,0.483297,,,,,,,,,,,,0.482088,1.000000,3795,20260210_215622,task4_mcqa_v6.2_test_baseline_4b_20260210_215622,/mnt/data/sgsilva/vlm-evaluation/results/final/task4_mcqa_v6.2_test_baseline_4b_20260210_215622.json
2026-02-11,qwen3-vl-4b-instruct,False,False,task4,mcqa_v6.2,7872,25,,,0.471302,0.499928,0.495082,,,,,,,,,,,,0.493775,1.000000,3887,20260211_134111,task4_mcqa_v6.2_test_baseline_4b_regen,/mnt/data/sgsilva/vlm-evaluation/results/final/task4_mcqa_v6.2_test_baseline_4b_regen.json
2026-02-09,qwen3-vl-4b-instruct,False,True,task4,v4.4_qwen_baseline,4399,25,,,0.687569,0.737904,0.717750,,,,,,,,,,,,0.714481,1.000000,3143,20260209_174639,task4_v4.4_qwen_baseline,/mnt/data/sgsilva/vlm-evaluation/results/final/task4_v4.4_qwen_baseline.json
